userId,movieId,rating
1,296,5.0
1,306,3.5
1,307,5.0
1,665,5.0
1,899,3.5
1,1088,4.0
1,1175,3.5
1,1217,3.5
1,1237,5.0
1,1250,4.0
1,1260,3.5
1,1653,4.0
1,2011,2.5
1,2012,2.5
1,2068,2.5
1,2161,3.5
1,2351,4.5
1,2573,4.0
1,2632,5.0
1,2692,5.0
1,2843,4.5
1,3448,4.0
1,3569,5.0
1,3949,5.0
1,4144,5.0
1,4308,3.0
1,4325,5.0
1,4422,3.0
1,4703,4.0
1,4973,4.5
1,5147,4.0
1,5269,0.5
1,5684,2.0
1,5767,5.0
1,5878,4.0
1,5912,3.0
1,5952,4.0
1,6016,5.0
1,6370,4.5
1,6377,4.0
1,6539,3.5
1,6711,5.0
1,6954,3.5
1,7209,4.0
1,7234,4.5
1,7318,2.0
1,7323,3.5
1,7327,3.5
1,7361,5.0
1,7365,4.0
1,7820,2.5
1,7937,3.0
1,7938,2.5
1,7939,2.5
1,7940,4.5
1,8014,3.5
1,8154,5.0
1,8327,5.0
1,8360,4.0
1,8405,3.5
1,8685,1.0
1,8729,3.5
1,8786,4.0
1,8873,3.0
1,8973,4.0
1,27193,3.0
1,27266,4.5
1,27721,3.0
1,31956,3.5
1,32591,5.0
2,1,3.5
2,62,0.5
2,110,5.0
2,150,4.0
2,151,4.5
2,236,4.0
2,260,5.0
2,261,0.5
2,266,1.0
2,318,5.0
2,333,5.0
2,349,4.5
2,356,4.5
2,364,4.5
2,380,1.0
2,457,5.0
2,480,2.0
2,497,4.0
2,524,3.5
2,527,5.0
2,534,4.5
2,553,2.0
2,588,2.0
2,589,4.0
2,653,3.0
2,733,4.5
2,858,3.5
2,914,4.0
2,953,4.5
2,1035,1.0
2,1080,1.0
2,1136,5.0
2,1196,5.0
2,1197,5.0
2,1198,4.0
2,1201,2.5
2,1210,5.0
2,1246,4.0
2,1257,5.0
2,1270,4.0
2,1271,1.5
2,1275,4.5
2,1283,4.0
2,1287,5.0
2,1291,5.0
2,1293,5.0
2,1299,1.0
2,1302,3.0
2,1356,5.0
2,1374,4.5
2,1376,5.0
2,1393,4.0
2,1431,3.0
2,1465,3.0
2,1485,3.0
2,1488,5.0
2,1527,3.0
2,1580,4.5
2,1584,5.0
2,1587,1.0
2,1610,5.0
2,1653,4.5
2,1672,4.5
2,1674,4.0
2,1682,4.5
2,1693,4.0
2,1722,0.5
2,1873,4.0
2,1907,4.0
2,1923,0.5
2,1957,3.5
2,1968,1.0
2,2028,4.0
2,2081,1.5
2,2083,4.5
2,2115,3.5
2,2138,4.5
2,2139,4.0
2,2150,5.0
2,2194,5.0
2,2268,4.5
2,2273,2.0
2,2294,4.5
2,2324,1.5
2,2355,4.5
2,2359,5.0
2,2406,2.5
2,2470,5.0
2,2496,4.0
2,2501,4.5
2,2571,5.0
2,2617,4.0
2,2640,5.0
2,2643,0.5
2,2694,4.0
2,2720,0.5
2,2745,5.0
2,2761,0.5
2,2762,4.0
2,2797,1.0
2,2918,4.5
2,2987,0.5
2,3098,3.0
2,3105,4.0
2,3107,3.0
2,3114,4.5
2,3148,2.0
2,3175,3.5
2,3360,5.0
2,3396,4.5
2,3479,2.0
2,3510,4.0
2,3578,5.0
2,3793,5.0
2,3889,2.5
2,3916,3.0
2,3948,3.0
2,3994,3.0
2,4016,5.0
2,4019,3.5
2,4022,5.0
2,4023,3.0
2,4103,4.5
2,4299,4.5
2,4306,4.5
2,4535,3.0
2,4571,1.5
2,4720,4.0
2,4857,1.0
2,4874,4.5
2,4886,5.0
2,4896,5.0
2,4963,4.0
2,4993,5.0
2,4995,5.0
2,5010,2.0
2,5103,5.0
2,5349,5.0
2,5418,5.0
2,5445,3.5
2,5574,3.0
2,5816,5.0
2,5952,5.0
2,5955,4.0
2,6156,2.0
2,6157,3.5
2,6213,2.5
2,6287,2.0
2,6311,5.0
2,6333,5.0
2,6539,5.0
2,6565,3.0
2,6753,3.0
2,6879,5.0
2,6947,4.0
2,7004,2.0
2,7007,0.5
2,7075,5.0
2,7090,2.0
2,7143,5.0
2,7153,5.0
2,7162,0.5
2,7386,4.0
2,7624,3.5
2,8010,5.0
2,8360,4.0
2,8368,5.0
2,8636,5.0
2,8665,4.0
2,8958,2.5
2,8961,4.5
2,8970,5.0
2,27821,4.5
2,30749,5.0
2,30848,0.5
2,31923,3.5
2,33166,0.5
2,33493,4.5
2,33660,5.0
2,33794,5.0
2,34162,0.5
2,35836,0.5
2,36527,3.5
2,40815,5.0
3,1,4.0
3,29,4.5
3,32,4.5
3,50,5.0
3,111,4.0
3,172,4.0
3,173,3.0
3,214,5.0
3,260,4.0
3,293,5.0
3,296,5.0
3,318,4.0
3,356,4.0
3,442,3.5
3,480,2.0
3,527,4.0
3,541,5.0
3,589,4.0
3,593,4.0
3,741,5.0
3,745,5.0
3,778,5.0
3,780,3.5
3,858,5.0
3,912,4.5
3,913,4.0
3,924,5.0
3,1089,4.0
3,1127,3.5
3,1148,5.0
3,1196,4.0
3,1198,3.0
3,1200,4.0
3,1201,4.0
3,1206,4.0
3,1208,4.0
3,1210,4.0
3,1213,5.0
3,1214,4.0
3,1217,5.0
3,1221,5.0
3,1222,4.0
3,1240,4.0
3,1252,5.0
3,1270,3.5
3,1274,4.5
3,1320,3.5
3,1356,4.0
3,1527,4.5
3,1584,4.0
3,1653,5.0
3,1676,3.5
3,1682,4.0
3,1732,4.5
3,1748,4.5
3,1882,2.0
3,1909,4.0
3,1960,4.0
3,2019,5.0
3,2021,4.0
3,2105,3.0
3,2329,5.0
3,2542,4.5
3,2571,4.0
3,2628,4.0
3,2641,3.0
3,2858,5.0
3,2938,4.0
3,2959,5.0
3,3091,4.0
3,3156,4.5
3,3285,3.0
3,3300,4.5
3,3301,4.0
3,3328,3.5
3,3408,3.5
3,3452,3.0
3,3471,4.0
3,3484,3.0
3,3527,4.0
3,3534,3.0
3,3535,4.0
3,3578,4.5
3,3646,2.0
3,3702,4.5
3,3730,4.0
3,3744,4.0
3,3745,3.5
3,3751,4.0
3,3753,3.0
3,3755,3.0
3,3785,3.0
3,3793,4.0
3,3798,3.0
3,3825,2.0
3,3827,2.5
3,3863,3.0
3,3879,3.5
3,3948,3.0
3,3968,3.0
3,3969,4.0
3,3977,2.5
3,3979,2.5
3,3980,4.0
3,3986,3.5
3,3988,3.0
3,3991,2.0
3,3993,4.5
3,3994,4.0
3,3996,4.0
3,3999,3.0
3,4011,4.0
3,4018,3.0
3,4019,4.0
3,4022,4.0
3,4023,4.0
3,4025,2.5
3,4027,4.5
3,4034,4.0
3,4069,3.0
3,4148,3.5
3,4167,3.5
3,4226,4.0
3,4232,3.5
3,4234,3.5
3,4246,3.0
3,4262,4.5
3,4306,4.0
3,4308,3.0
3,4340,2.0
3,4343,3.0
3,4344,4.0
3,4366,3.5
3,4367,3.0
3,4368,2.0
3,4369,4.0
3,4383,4.0
3,4388,3.0
3,4447,2.5
3,4448,4.0
3,4571,3.0
3,4643,4.0
3,4701,3.0
3,4718,2.5
3,4776,4.0
3,4816,3.5
3,4844,4.0
3,4866,4.0
3,4874,3.5
3,4886,4.0
3,4887,3.0
3,4901,4.0
3,4958,3.5
3,4963,4.0
3,4975,3.5
3,4979,4.0
3,4992,3.5
3,4993,4.0
3,4995,4.0
3,5004,4.0
3,5013,4.0
3,5014,4.0
3,5108,3.5
3,5218,4.0
3,5219,3.5
3,5225,4.0
3,5254,3.0
3,5266,3.5
3,5291,5.0
3,5293,3.5
3,5313,2.5
3,5349,4.0
3,5364,3.5
3,5377,3.0
3,5378,3.5
3,5388,3.5
3,5400,4.0
3,5418,5.0
3,5445,3.5
3,5449,2.5
3,5459,3.5
3,5479,3.5
3,5502,3.0
3,5507,3.5
3,5528,3.5
3,5574,4.0
3,5630,3.0
3,5669,3.5
3,5679,3.0
3,5782,4.0
3,5785,2.0
3,5810,3.5
3,5816,3.5
3,5853,3.0
3,5872,4.0
3,5900,3.0
3,5903,4.0
3,5944,3.5
3,5945,4.0
3,5952,4.0
3,5954,4.5
3,5956,4.0
3,5959,4.0
3,5989,4.0
3,5991,4.0
3,6016,4.0
3,6059,3.5
3,6155,3.0
3,6156,3.0
3,6213,3.0
3,6281,2.5
3,6283,4.5
3,6287,3.0
3,6323,4.0
3,6333,4.0
3,6365,4.0
3,6373,3.0
3,6377,4.0
3,6378,3.0
3,6383,4.0
3,6440,4.0
3,6482,2.0
3,6502,3.0
3,6534,3.5
3,6535,2.0
3,6537,3.5
3,6539,4.0
3,6541,3.5
3,6548,3.0
3,6550,3.0
3,6564,3.5
3,6586,3.5
3,6595,3.0
3,6708,4.0
3,6711,4.0
3,6754,4.0
3,6863,3.0
3,6870,4.5
3,6873,3.5
3,6874,4.5
3,6879,4.0
3,6934,4.0
3,6952,3.5
3,7090,4.0
3,7143,2.5
3,7147,4.5
3,7149,4.0
3,7153,4.0
3,7154,4.0
3,7163,3.5
3,7293,3.0
3,7325,2.0
3,7346,3.0
3,7347,4.0
3,7361,4.5
3,7373,4.0
3,7438,4.0
3,7439,3.5
3,7445,3.5
3,7454,3.5
3,7458,4.0
3,8360,3.5
3,8361,2.5
3,8368,4.0
3,8370,4.0
3,8371,4.5
3,8528,3.0
3,8529,3.5
3,8641,4.0
3,8644,4.0
3,8665,4.0
3,8666,3.0
3,8781,3.5
3,8783,4.0
3,8798,3.5
3,8810,3.0
3,8861,3.5
3,8865,4.0
3,8874,4.0
3,8958,4.0
3,8961,4.0
3,8965,4.0
3,8969,3.0
3,8983,4.0
3,8984,4.0
3,8985,3.5
3,27134,4.5
3,27660,4.0
3,27706,3.5
3,27728,5.0
3,27773,5.0
3,27793,3.0
3,27803,4.0
3,27808,3.0
3,30707,4.0
3,30793,3.5
3,30825,3.5
3,31184,4.0
3,31221,3.0
3,31685,3.0
3,31696,4.0
3,31804,4.5
3,31878,4.0
3,32587,4.0
3,33004,4.0
3,33166,4.0
3,33493,4.0
3,33615,4.0
3,33679,3.0
3,33794,4.0
3,34048,3.0
3,34150,3.5
3,34162,3.0
3,34319,3.5
3,34405,4.0
3,34437,4.0
3,35836,3.0
3,36519,4.0
3,36529,4.0
3,37386,4.0
3,37727,3.0
3,37729,4.0
3,37741,4.5
3,39435,3.0
3,40583,4.0
3,40815,4.0
3,40819,4.0
3,41566,4.0
3,41569,3.0
3,42738,4.0
3,43928,2.5
3,44022,4.0
3,44191,4.0
3,45186,3.5
3,45447,3.5
3,45499,4.0
3,45501,3.0
3,45517,4.0
3,45666,3.0
3,45672,3.0
3,45722,4.0
3,46335,3.5
3,46578,4.0
3,46965,3.0
3,46970,3.5
3,46972,3.0
3,47200,4.0
3,47610,4.0
3,48385,3.5
3,48394,4.5
3,48516,5.0
3,48738,4.0
3,48774,4.0
3,48780,4.0
3,49272,4.0
3,49274,4.0
3,49278,3.5
3,49530,3.5
3,49822,4.0
3,50068,4.0
3,50872,4.0
3,51255,4.0
3,51662,4.0
3,51935,4.0
3,52604,4.0
3,52722,3.5
3,52950,4.5
3,53121,3.5
3,53125,4.0
3,53129,4.0
3,53464,3.5
3,53972,4.0
3,53996,4.0
3,54001,4.0
3,54286,4.0
3,54503,3.5
3,54648,3.0
3,54997,4.0
3,55232,4.0
3,55765,4.0
3,55805,4.0
3,55820,5.0
3,56145,3.0
3,56156,3.0
3,56171,4.5
3,56174,3.5
3,56587,4.0
3,56782,4.5
3,56949,3.0
3,57368,2.5
3,57528,3.0
3,57640,4.0
3,57669,3.0
3,58025,3.0
3,58559,5.0
3,59315,4.0
3,59369,3.0
3,59501,3.5
3,59615,3.0
3,59784,4.0
3,59900,3.0
3,60040,3.0
3,60069,4.0
3,60072,3.5
3,60074,4.0
3,60126,3.0
3,60684,4.5
3,60756,3.5
3,60760,3.0
3,61132,3.0
3,61160,4.0
3,61248,2.5
3,61323,4.0
3,61350,3.0
3,62849,4.0
3,62999,3.5
3,63062,4.0
3,63072,4.0
3,63113,4.0
3,63859,4.0
3,63876,4.0
3,64030,3.5
3,64614,4.0
3,64839,3.5
3,64957,4.0
3,65514,4.0
3,65682,4.0
3,66097,4.0
3,67255,4.5
3,67923,3.5
3,68157,4.0
3,68319,4.0
3,68358,4.0
3,68554,4.0
3,68791,3.5
3,68793,3.0
3,68952,2.5
3,69122,4.0
3,69481,3.5
3,69526,4.0
3,69640,4.0
3,69844,3.5
3,70286,4.0
3,70293,4.0
3,70305,3.0
3,70336,3.0
3,71057,4.5
3,71156,4.0
3,71464,4.0
3,71530,3.5
3,71535,4.0
3,72011,4.0
3,72209,3.0
3,72378,2.5
3,72641,4.0
3,72701,3.0
3,72998,4.0
3,73017,3.0
3,73268,4.0
3,73321,4.0
3,73323,4.0
3,74458,4.0
3,74789,4.0
3,76077,2.0
3,76093,4.0
3,76251,4.0
3,77561,4.0
3,78469,3.0
3,78499,4.0
3,79091,4.0
3,79132,5.0
3,79224,2.0
3,79293,4.0
3,79695,3.0
3,80363,3.0
3,80463,4.0
3,81229,4.0
3,81537,3.0
3,81564,4.0
3,81591,5.0
3,81834,3.5
3,81845,4.0
3,82095,2.0
3,82202,3.0
3,82461,4.0
3,83349,3.0
3,83613,3.5
3,84152,4.0
3,84772,3.5
3,84954,4.0
3,85020,3.0
3,85056,3.5
3,85131,2.5
3,85261,3.0
3,85414,4.0
3,86332,4.0
3,86644,3.5
3,86880,4.0
3,86911,3.5
3,87232,4.0
3,87306,3.5
3,87430,3.0
3,87520,3.0
3,87876,3.5
3,88125,3.5
3,88140,3.5
3,88405,3.0
3,88744,4.0
3,89492,4.0
3,89745,4.0
3,89753,4.0
3,90249,3.5
3,90866,3.5
3,91500,3.5
3,91529,4.0
3,91542,4.0
3,91630,4.0
3,91658,4.0
3,91974,3.5
3,91976,3.0
3,93363,4.0
3,93805,3.5
3,94018,2.5
3,94677,3.5
3,94777,3.5
3,94864,4.0
3,95441,3.5
3,95510,4.0
3,95875,4.0
3,96079,3.5
3,96610,4.0
3,96691,3.0
3,96737,4.0
3,96861,3.0
3,97225,3.5
3,97306,4.0
3,97921,3.5
3,97923,3.5
3,98809,4.0
3,99112,3.5
3,99114,4.0
3,101864,4.0
3,102125,4.0
3,102407,4.0
3,102445,4.0
3,102686,3.0
3,102716,3.5
3,102880,3.0
3,102903,3.5
3,103075,3.0
3,103141,3.5
3,103228,3.0
3,103249,3.5
3,103253,4.0
3,103384,3.5
3,103772,3.5
3,103810,3.5
3,104241,3.5
3,104243,4.5
3,104841,4.0
3,105213,3.0
3,106002,4.0
3,106072,4.0
3,106100,4.0
3,106487,3.0
3,106489,3.5
3,106782,4.5
3,106920,4.0
3,107348,3.5
3,107406,4.0
3,108190,3.5
3,108932,4.0
3,108945,3.0
3,109374,4.0
3,109487,4.0
3,109578,3.0
3,110102,4.0
3,110407,3.5
3,110730,4.0
3,111113,2.5
3,111360,4.0
3,111362,4.0
3,111443,3.5
3,111659,4.0
3,111759,4.0
3,112138,3.0
3,112171,3.5
3,112370,3.0
3,112552,5.0
3,112556,5.0
3,112623,4.0
3,112852,4.0
3,113345,4.0
3,114180,3.5
3,114847,4.0
3,114935,4.0
3,115569,4.0
3,115617,4.0
3,115713,4.5
3,116797,4.0
3,116823,3.5
3,116897,4.0
3,117529,3.0
3,117533,4.0
3,120466,3.5
3,122882,3.5
3,122886,3.0
3,122892,3.5
3,122896,3.5
3,122900,4.0
3,122906,4.0
3,122912,3.5
3,122914,3.5
3,122918,4.0
3,122920,3.5
3,122922,4.0
3,122924,3.5
3,129354,3.0
3,130490,3.5
3,130634,3.0
3,132046,3.0
3,134130,4.0
3,134853,4.0
3,135133,3.5
3,135143,3.5
3,135536,3.5
3,135569,3.5
3,136020,3.5
3,136449,5.0
3,136469,4.0
3,136864,3.5
3,139385,4.0
3,139644,4.0
3,140956,3.5
3,142509,3.5
3,143385,4.0
3,148626,4.0
3,148855,4.0
3,149406,4.0
3,151763,4.0
3,158238,3.0
3,158966,3.5
3,159093,3.5
3,164179,4.0
3,166528,4.0
3,166635,3.5
3,168252,4.0
3,168612,4.0
3,171763,3.5
3,175197,3.5
3,176101,3.5
3,176371,4.5
3,179819,3.5
3,182823,3.0
3,187541,3.5
3,187593,4.5
4,1,3.0
4,260,3.5
4,296,4.0
4,541,4.5
4,589,4.0
4,780,2.0
4,924,4.0
4,1036,4.0
4,1080,3.5
4,1136,4.5
4,1196,4.0
4,1197,4.5
4,1198,4.0
4,1200,3.5
4,1201,3.5
4,1210,3.0
4,1214,2.5
4,1220,4.0
4,1265,4.0
4,1270,2.5
4,1278,4.0
4,1288,3.5
4,1291,4.0
4,1527,3.5
4,1580,4.5
4,1610,3.5
4,1732,4.5
4,1907,4.0
4,2019,4.0
4,2028,4.5
4,2115,3.0
4,2571,4.5
4,2716,4.0
4,2791,4.0
4,2918,3.5
4,2951,3.5
4,2985,4.0
4,2993,3.5
4,3033,3.0
4,3039,3.5
4,3114,3.0
4,3175,4.0
4,3624,2.5
4,3671,4.0
4,3681,3.5
4,3751,3.5
4,3793,1.5
4,3827,3.0
4,4308,3.5
4,4709,2.0
4,4816,4.0
4,4886,3.5
4,4963,4.5
4,4974,4.0
4,4993,4.5
4,5110,4.5
4,5219,2.0
4,5299,2.5
4,5418,3.5
4,5444,4.0
4,5618,5.0
4,5903,4.0
4,5952,4.5
4,6156,3.0
4,6377,3.0
4,6539,4.0
4,6550,3.5
4,6863,4.0
4,6874,4.5
4,6947,4.0
4,7143,3.5
4,7153,4.0
4,7324,3.0
4,7373,4.0
4,7438,3.5
4,7451,4.0
4,7569,3.5
4,8641,4.0
4,8665,3.5
4,8874,4.0
4,8914,4.0
4,8961,5.0
4,33794,3.5
4,34048,2.5
4,34405,3.5
4,38038,3.5
4,44191,2.5
4,44193,3.0
4,44665,5.0
4,45431,2.0
4,45517,2.5
4,45722,3.5
4,46948,2.5
4,46972,3.5
4,48780,5.0
4,48982,3.0
4,49272,3.5
4,49396,3.5
4,49649,1.0
4,50601,1.5
4,50872,4.5
4,51255,4.5
4,51935,2.5
4,53125,4.5
4,53956,4.5
4,54286,3.5
4,54881,3.5
4,57669,4.5
4,58559,4.5
4,59615,1.5
4,60069,4.0
4,61132,4.0
4,63859,1.5
4,68157,3.5
4,68954,4.5
4,69122,3.5
4,69526,1.5
4,70286,4.5
4,71057,5.0
4,71264,1.0
4,72226,4.0
4,72998,2.5
4,73017,3.5
4,74458,5.0
4,74530,0.5
4,76093,2.0
4,76175,1.5
4,77561,1.0
4,77866,2.0
4,78893,0.5
4,79091,3.5
4,79132,4.5
4,79185,2.5
4,79695,2.0
4,79702,4.5
4,81229,3.0
4,81564,3.5
4,81834,1.0
4,82461,2.5
4,83134,4.5
4,83613,0.5
4,85414,4.0
4,86332,2.0
4,86345,4.0
4,86880,1.5
4,87306,3.0
4,87430,1.0
4,87520,1.0
4,88125,1.0
4,88140,2.5
4,89745,2.5
4,90866,2.5
4,91485,2.5
4,91529,4.5
4,91542,3.0
4,91630,3.5
4,93363,2.5
4,93510,4.0
4,93838,4.0
4,93840,4.5
4,94864,0.5
4,96079,2.5
4,96110,1.0
4,96610,3.5
4,96737,4.5
4,97304,2.0
4,97913,3.5
4,98809,2.5
4,99112,3.5
4,99114,4.0
4,101864,3.5
4,102125,1.5
4,102445,3.0
4,103228,4.0
4,103249,2.0
4,103253,3.0
4,103341,3.5
4,103384,2.0
4,103772,2.0
4,104841,1.0
4,106002,1.0
4,106489,1.5
4,106916,3.0
4,107406,5.0
4,108932,3.5
4,108945,1.5
4,109374,4.5
4,109487,5.0
4,110102,3.5
4,111360,1.5
4,111759,4.0
4,111781,3.5
4,112138,4.0
4,112552,4.5
4,112852,3.0
4,115122,4.0
4,115149,4.0
4,115569,5.0
4,115617,3.5
4,115713,5.0
4,116823,2.0
4,119145,4.5
4,122882,5.0
4,122886,2.0
4,122904,3.5
4,122912,0.5
4,122914,3.0
4,122918,3.0
4,127098,4.0
4,134130,4.0
4,136020,3.0
4,138036,4.5
4,139385,5.0
4,139644,5.0
4,142115,4.0
4,148426,2.0
4,148626,4.0
4,152081,4.5
4,156706,3.5
4,159817,5.0
4,164179,5.0
4,166528,4.0
4,168248,4.5
4,168612,3.5
4,171011,5.0
4,171763,4.5
4,173145,2.5
4,174055,5.0
4,176101,3.0
4,176371,4.5
4,179401,3.5
4,179819,2.5
4,180989,3.0
4,182715,4.5
4,187541,3.5
4,187593,3.5
4,189333,4.0
4,195159,5.0
4,200818,5.0
4,200838,3.0
4,203375,4.5
4,203519,2.5
5,1,4.0
5,19,4.0
5,32,5.0
5,36,5.0
5,39,2.0
5,47,5.0
5,50,5.0
5,88,4.0
5,95,3.0
5,104,4.0
5,113,3.0
5,122,3.0
5,141,5.0
5,147,5.0
5,150,5.0
5,153,3.0
5,170,4.0
5,191,2.0
5,216,4.0
5,218,3.0
5,219,3.0
5,224,4.0
5,231,4.0
5,235,3.0
5,238,2.0
5,248,2.0
5,253,4.0
5,260,5.0
5,267,2.0
5,277,3.0
5,288,4.0
5,292,5.0
5,296,4.0
5,300,3.0
5,312,3.0
5,333,4.0
5,337,5.0
5,340,5.0
5,342,3.0
5,344,4.0
5,350,5.0
5,356,4.0
5,364,4.0
5,372,4.0
5,416,3.0
5,432,3.0
5,435,2.0
5,440,3.0
5,441,4.0
5,457,5.0
5,477,4.0
5,487,3.0
5,491,3.0
5,500,4.0
5,524,3.0
5,542,4.0
5,553,3.0
5,588,4.0
5,590,3.0
5,592,3.0
5,593,5.0
5,595,3.0
5,608,3.0
5,628,5.0
5,671,5.0
5,733,5.0
5,736,3.0
5,778,5.0
5,780,4.0
5,784,2.0
5,786,2.0
5,788,3.0
5,802,5.0
5,839,3.0
5,1016,3.0
5,1035,4.0
5,1042,4.0
5,1047,3.0
5,1061,5.0
5,1073,3.0
5,1093,3.0
5,1097,3.0
5,1120,4.0
5,1194,3.0
5,1196,5.0
5,1197,3.0
5,1210,5.0
5,1234,5.0
5,1235,4.0
5,1246,5.0
5,1265,4.0
5,1270,3.0
5,1271,4.0
5,1290,3.0
5,1291,4.0
5,1302,4.0
5,1344,3.0
5,1357,5.0
5,1380,4.0
5,1407,5.0
5,1409,4.0
6,161,2.0
6,260,5.0
6,318,5.0
6,527,5.0
6,593,4.0
6,608,5.0
6,858,5.0
6,902,4.0
6,912,4.0
6,913,4.0
6,919,5.0
6,924,4.0
6,1097,4.0
6,1183,2.0
6,1196,5.0
6,1198,5.0
6,1203,5.0
6,1213,5.0
6,1466,3.0
6,1704,5.0
6,1951,4.0
6,2028,3.0
6,2396,4.0
6,2421,3.0
6,2815,3.0
6,2858,5.0
7,10,3.0
7,17,4.0
7,28,4.0
7,58,5.0
7,150,4.0
7,153,3.0
7,165,3.0
7,185,3.0
7,232,4.0
7,265,4.0
7,288,3.0
7,296,4.0
7,306,5.0
7,307,4.0
7,308,4.0
7,329,3.0
7,344,2.0
7,410,3.0
7,457,3.0
7,527,5.0
7,588,4.0
7,590,3.0
7,592,3.0
7,593,4.0
7,595,4.0
8,1,4.0
8,3,4.0
8,6,3.0
8,7,1.0
8,10,4.0
8,11,3.0
8,16,4.0
8,18,4.0
8,21,3.0
8,25,3.0
8,27,3.0
8,32,3.0
8,39,3.0
8,47,5.0
8,50,4.0
8,62,4.0
8,69,5.0
8,95,4.0
8,103,2.0
8,104,5.0
8,110,5.0
8,112,5.0
8,125,3.0
8,145,5.0
8,150,2.0
8,161,5.0
8,163,4.0
8,165,5.0
8,180,4.0
8,198,5.0
8,201,1.0
8,207,2.0
8,209,4.0
8,223,2.0
8,225,2.0
8,237,4.0
8,253,4.0
8,260,3.0
8,290,4.0
8,292,5.0
8,296,5.0
8,316,2.0
8,318,1.0
8,325,3.0
8,333,5.0
8,344,5.0
8,356,5.0
8,358,4.0
8,364,4.0
8,377,5.0
8,380,5.0
8,428,4.0
8,440,4.0
8,442,3.0
8,454,5.0
8,457,5.0
8,474,4.0
8,480,3.0
8,490,4.0
8,494,3.0
8,511,4.0
8,524,4.0
8,551,2.0
8,553,2.0
8,575,4.0
8,588,5.0
8,589,4.0
8,590,3.0
8,593,4.0
8,594,2.0
8,595,2.0
8,608,4.0
8,628,4.0
8,648,5.0
8,708,2.0
8,725,3.0
8,733,4.0
8,750,4.0
8,780,2.0
8,785,4.0
8,786,5.0
8,799,4.0
8,805,3.0
8,875,4.0
8,903,4.0
8,904,4.0
8,923,3.0
8,924,5.0
8,953,4.0
8,1012,3.0
8,1020,4.0
8,1022,4.0
8,1029,3.0
8,1032,3.0
8,1036,4.0
8,1047,3.0
8,1049,2.0
8,1092,5.0
8,1101,3.0
8,1127,4.0
8,1129,2.0
8,1196,3.0
8,1198,3.0
8,1200,3.0
8,1203,4.0
8,1207,2.0
8,1210,3.0
8,1213,4.0
8,1214,4.0
8,1220,4.0
8,1222,3.0
8,1240,2.0
8,1242,5.0
8,1258,5.0
8,1259,4.0
8,1265,4.0
8,1270,4.0
8,1282,2.0
8,1283,3.0
8,1287,1.0
8,1358,4.0
8,1370,4.0
8,1385,5.0
8,1391,4.0
8,1393,4.0
8,1407,5.0
8,1409,3.0
8,1429,3.0
8,1438,4.0
8,1440,2.0
8,1479,3.0
8,1485,5.0
8,1527,4.0
8,1552,5.0
8,1573,5.0
8,1580,5.0
8,1584,4.0
8,1597,4.0
8,1600,3.0
8,1603,2.0
8,1614,3.0
8,1616,2.0
8,1617,5.0
8,1625,2.0
8,1645,4.0
8,1653,2.0
8,1672,4.0
8,1704,4.0
8,1717,3.0
8,1721,4.0
8,1722,3.0
8,1729,5.0
8,1747,4.0
8,1777,3.0
8,1783,3.0
9,2,5.0
9,10,5.0
9,34,3.0
9,39,3.0
9,61,4.0
9,105,4.0
9,116,5.0
9,150,4.0
9,158,4.0
9,161,5.0
9,165,4.0
9,168,5.0
9,225,5.0
9,256,5.0
9,260,4.0
9,273,3.0
9,276,4.0
9,277,5.0
9,280,4.0
9,317,4.0
9,329,5.0
9,350,5.0
9,355,5.0
9,356,5.0
9,361,4.0
9,362,5.0
9,366,3.0
9,370,2.0
9,374,3.0
9,378,4.0
9,380,5.0
9,387,3.0
9,410,3.0
9,419,4.0
9,420,4.0
9,432,3.0
9,434,5.0
9,435,3.0
9,442,3.0
9,445,4.0
9,454,4.0
9,455,4.0
9,464,4.0
9,466,2.0
9,474,4.0
9,500,5.0
9,516,3.0
9,519,5.0
9,520,3.0
9,539,5.0
9,540,4.0
9,541,4.0
9,585,3.0
9,586,5.0
9,587,5.0
9,588,5.0
9,589,3.0
9,590,4.0
9,592,4.0
9,593,5.0
9,594,5.0
9,596,4.0
9,597,5.0
9,611,1.0
9,616,5.0
9,667,5.0
9,805,5.0
9,818,3.0
9,852,4.0
9,858,3.0
9,914,5.0
9,919,5.0
9,920,5.0
9,924,3.0
9,934,4.0
9,938,4.0
9,943,4.0
9,952,4.0
9,953,4.0
9,954,4.0
9,968,3.0
9,969,3.0
9,971,3.0
9,1005,4.0
9,1007,4.0
9,1008,5.0
9,1010,4.0
9,1011,4.0
9,1012,4.0
9,1013,3.0
9,1014,4.0
9,1015,4.0
9,1017,3.0
9,1018,3.0
9,1019,4.0
9,1021,4.0
9,1023,3.0
9,1028,5.0
9,1029,3.0
9,1030,4.0
9,1031,5.0
9,1035,5.0
9,1036,4.0
9,1073,5.0
9,1079,3.0
9,1084,4.0
9,1088,5.0
9,1090,4.0
9,1092,4.0
9,1097,4.0
9,1100,3.0
9,1101,4.0
9,1124,4.0
9,1125,3.0
9,1126,4.0
9,1127,4.0
9,1129,4.0
9,1135,4.0
9,1194,3.0
9,1196,4.0
9,1197,3.0
9,1198,5.0
9,1200,3.0
9,1204,3.0
9,1208,4.0
9,1210,5.0
9,1214,4.0
9,1219,3.0
9,1221,2.0
9,1222,4.0
9,1225,3.0
9,1240,4.0
9,1246,4.0
9,1247,4.0
9,1250,5.0
9,1258,4.0
9,1259,4.0
9,1262,3.0
9,1265,3.0
9,1266,1.0
9,1270,4.0
9,1271,4.0
9,1290,3.0
9,1291,4.0
9,1298,4.0
9,1299,4.0
9,1302,3.0
9,1307,3.0
9,1321,3.0
9,1322,3.0
9,1326,3.0
9,1327,3.0
9,1328,3.0
9,1333,5.0
9,1343,4.0
9,1344,3.0
9,1345,4.0
9,1347,3.0
9,1350,3.0
9,1356,5.0
9,1367,5.0
9,1370,4.0
9,1371,5.0
9,1372,5.0
9,1373,5.0
9,1374,5.0
9,1375,5.0
9,1376,5.0
9,1378,1.0
9,1379,1.0
9,1380,5.0
9,1381,3.0
9,1385,4.0
9,1387,3.0
9,1388,3.0
9,1389,3.0
9,1394,1.0
9,5060,3.0
10,1,3.5
10,32,4.0
10,50,5.0
10,110,4.0
10,150,4.0
10,193,1.0
10,260,5.0
10,296,4.5
10,318,4.5
10,356,4.5
10,380,3.5
10,457,3.5
10,480,4.0
10,588,3.0
10,589,4.0
10,592,3.0
10,593,4.5
10,608,3.5
10,780,3.0
10,924,4.5
10,1186,3.0
10,1196,5.0
10,1210,5.0
10,1347,3.0
10,1717,2.0
10,1960,3.5
10,1962,3.0
10,2085,2.0
10,2094,1.5
10,2505,3.5
10,2572,3.0
10,2605,3.5
10,2707,3.0
10,2826,2.0
10,2915,3.0
10,2944,3.0
10,3361,3.0
10,3863,4.0
10,3868,4.0
10,3986,4.0
10,4361,3.0
10,5049,4.0
10,5508,3.0
10,5810,2.5
10,6383,2.0
10,6502,4.5
10,6953,3.0
10,7444,1.0
10,7566,4.0
10,8810,3.5
10,52767,4.5
10,53000,4.0
10,53953,3.5
11,277,2.5
11,372,4.5
11,527,4.0
11,593,4.5
11,1203,2.5
11,1207,3.0
11,2329,2.5
11,2581,3.0
11,2694,2.5
11,2858,2.5
11,2881,2.5
11,3146,2.0
11,4210,4.0
11,4745,3.5
11,4993,4.0
11,5296,3.0
11,5618,1.0
11,6535,2.5
11,7153,4.0
11,8910,2.5
11,33669,3.0
11,42723,3.5
11,48043,4.0
11,54272,4.5
12,1,4.0
12,2,2.0
12,3,2.0
12,7,3.0
12,10,3.0
12,16,5.0
12,18,4.0
12,20,1.0
12,21,2.0
12,22,3.0
12,25,3.0
12,27,2.0
12,29,4.0
12,31,2.0
12,32,2.0
12,36,4.0
12,39,4.0
12,45,2.0
12,47,4.0
12,48,2.0
12,50,5.0
12,54,2.0
12,62,3.0
12,68,3.0
12,88,2.5
12,97,4.0
12,101,4.0
12,140,3.0
12,141,4.0
12,145,2.5
12,150,2.0
12,160,2.0
12,163,4.0
12,165,4.0
12,168,3.0
12,175,3.5
12,176,5.0
12,185,2.0
12,186,2.5
12,203,2.5
12,209,4.0
12,215,4.0
12,222,3.0
12,223,4.0
12,231,2.0
12,235,4.0
12,236,3.5
12,238,3.0
12,249,4.0
12,252,2.0
12,253,3.5
12,256,1.5
12,257,3.0
12,260,5.0
12,261,3.5
12,265,4.0
12,268,4.0
12,292,2.5
12,293,4.0
12,296,5.0
12,313,3.0
12,316,3.0
12,317,2.0
12,318,4.5
12,319,4.0
12,329,3.0
12,337,4.0
12,342,4.0
12,343,1.5
12,344,2.5
12,351,3.0
12,356,4.0
12,364,3.0
12,367,2.0
12,368,2.0
12,374,1.0
12,376,3.0
12,377,4.0
12,380,2.0
12,410,2.0
12,413,3.0
12,415,2.5
12,433,1.5
12,435,2.5
12,440,4.0
12,441,3.5
12,442,2.0
12,450,3.0
12,457,4.0
12,466,3.0
12,471,4.0
12,477,4.0
12,478,1.5
12,480,4.0
12,489,1.5
12,497,3.0
12,500,4.0
12,505,2.0
12,508,3.5
12,514,3.0
12,515,4.0
12,516,2.0
12,518,2.0
12,520,4.0
12,524,3.0
12,527,5.0
12,528,2.0
12,531,3.0
12,532,2.5
12,538,4.0
12,539,2.5
12,543,3.0
12,546,1.0
12,551,4.0
12,555,4.0
12,562,3.5
12,575,2.0
12,585,0.5
12,586,3.0
12,588,4.0
12,592,5.0
12,593,4.0
12,594,3.5
12,603,1.0
12,605,3.0
12,608,5.0
12,613,3.0
12,627,4.5
12,648,2.0
12,663,4.0
12,708,2.0
12,719,2.0
12,724,2.0
12,728,2.5
12,736,3.0
12,745,4.0
12,750,4.0
12,765,2.0
12,778,5.0
12,780,4.0
12,784,2.0
12,805,4.0
12,832,2.0
12,838,4.0
12,851,4.0
12,852,1.0
12,858,4.0
12,880,1.0
12,898,4.5
12,908,4.5
12,910,4.0
12,911,5.0
12,912,4.5
12,914,3.0
12,919,4.0
12,923,5.0
12,926,4.5
12,928,4.0
12,932,4.0
12,1013,3.0
12,1015,3.5
12,1020,1.5
12,1025,4.0
12,1027,3.0
12,1034,4.0
12,1035,3.0
12,1036,4.0
12,1041,5.0
12,1042,2.5
12,1043,2.5
12,1047,4.0
12,1057,4.0
12,1059,4.0
12,1060,4.5
12,1079,4.5
12,1080,3.0
12,1088,4.0
12,1089,4.0
12,1091,3.5
12,1097,5.0
12,1100,2.5
12,1120,3.0
12,1126,1.5
12,1127,4.0
12,1135,4.5
12,1136,4.5
12,1148,5.0
12,1175,4.5
12,1183,3.5
12,1188,4.0
12,1194,3.0
12,1196,5.0
12,1197,4.0
12,1200,3.5
12,1207,4.5
12,1208,3.5
12,1210,4.0
12,1212,3.5
12,1213,5.0
12,1214,4.0
12,1215,5.0
12,1219,5.0
12,1220,4.0
12,1221,4.0
12,1222,4.0
12,1223,4.0
12,1225,4.0
12,1230,3.5
12,1231,3.0
12,1235,4.5
12,1242,4.0
12,1243,5.0
12,1244,4.5
12,1246,4.0
12,1249,3.5
12,1257,4.5
12,1258,5.0
12,1259,5.0
12,1261,4.0
12,1265,4.0
12,1267,4.0
12,1269,3.5
12,1270,4.0
12,1271,4.0
12,1285,4.0
12,1288,5.0
12,1291,3.0
12,1307,3.5
12,1330,2.5
12,1339,4.0
12,1343,4.5
12,1347,3.5
12,1357,4.0
12,1358,3.5
12,1361,3.0
12,1363,2.0
12,1367,1.0
12,1378,4.0
12,1380,4.0
12,1387,4.0
12,1391,4.0
12,1393,3.0
12,1394,5.0
12,1396,4.0
12,1405,2.0
12,1407,3.0
12,1409,1.0
12,1411,2.5
12,1440,2.0
12,1441,4.0
12,1449,3.5
12,1461,1.0
12,1466,2.5
12,1474,2.0
12,1476,1.5
12,1485,1.0
12,1487,2.5
12,1499,1.0
12,1500,2.0
12,1513,3.0
12,1515,2.5
12,1517,4.5
12,1518,3.0
12,1522,3.0
12,1526,1.5
12,1534,4.0
12,1541,2.5
12,1544,2.0
12,1552,2.0
12,1580,3.5
12,1584,3.0
12,1586,3.0
12,1596,3.0
12,1617,4.0
12,1635,3.0
12,1641,4.0
12,1642,3.0
12,1643,4.0
12,1644,2.5
12,1654,2.5
12,1665,2.0
12,1673,4.0
12,1680,4.5
12,1682,2.0
12,1693,4.0
12,1704,3.0
12,1721,4.0
12,1722,4.0
12,1732,4.5
12,1760,3.5
12,1777,2.0
12,1784,4.5
12,1816,3.5
12,1827,3.5
12,1836,2.0
12,1855,2.0
12,1876,3.0
12,1882,2.0
12,1884,3.5
12,1895,3.0
12,1914,3.0
12,1917,2.0
12,1923,2.0
12,1947,3.0
12,1951,3.0
12,1955,5.0
12,1960,4.0
12,1961,4.0
12,1963,2.5
12,1967,4.0
12,1968,5.0
12,2000,2.5
12,2003,3.0
12,2004,2.0
12,2005,5.0
12,2011,2.0
12,2012,2.0
12,2028,4.0
12,2042,1.0
12,2052,1.0
12,2054,2.5
12,2059,2.0
12,2065,3.0
12,2071,4.5
12,2081,2.5
12,2082,2.5
12,2083,2.0
12,2084,1.0
12,2087,2.5
12,2096,2.5
12,2100,3.0
12,2108,4.0
12,2112,4.0
12,2115,3.0
12,2124,3.0
12,2133,4.0
12,2137,4.0
12,2144,4.5
12,2145,4.0
12,2149,1.0
12,2174,4.5
12,2193,4.0
12,2245,4.0
12,2248,4.0
12,2249,2.5
12,2252,2.0
12,2253,3.0
12,2268,3.0
12,2279,2.0
12,2291,4.5
12,2294,3.0
12,2302,4.0
12,2318,2.0
12,2321,3.0
12,2324,3.5
12,2327,2.0
12,2336,3.5
12,2356,3.0
12,2369,2.5
12,2371,1.0
12,2374,3.0
12,2375,4.0
12,2381,1.0
12,2383,1.0
12,2390,3.5
12,2393,3.0
12,2395,5.0
12,2396,4.0
12,2406,4.0
12,2413,4.5
12,2420,3.0
12,2421,1.0
12,2422,1.0
12,2423,2.0
12,2424,2.0
12,2431,2.5
12,2437,3.0
12,2447,2.0
12,2459,3.0
12,2460,1.5
12,2468,2.5
12,2469,3.0
12,2478,3.5
12,2481,3.5
12,2482,2.0
12,2500,2.0
12,2542,4.0
12,2552,1.0
12,2572,3.0
12,2580,2.5
12,2599,3.5
12,2628,3.0
12,2640,4.0
12,2657,3.5
12,2671,3.0
12,2683,1.0
12,2692,5.0
12,2693,4.0
12,2699,3.0
12,2706,4.0
12,2710,4.0
12,2716,4.0
12,2718,3.0
12,2733,1.0
12,2739,4.0
12,2746,3.0
12,2762,4.0
12,2770,4.5
12,2788,5.0
12,2791,4.5
12,2794,4.0
12,2796,2.5
12,2797,4.0
12,2798,1.0
12,2804,3.0
12,2815,1.0
12,2822,1.0
12,2858,4.0
12,2863,5.0
12,2871,4.0
12,2877,2.5
12,2881,2.0
12,2888,2.5
12,2901,1.0
12,2902,1.0
12,2908,5.0
12,2918,5.0
12,2927,4.0
12,2946,4.0
12,2947,4.0
12,2948,3.0
12,2950,1.0
12,2953,2.0
12,2959,3.0
12,2967,3.0
12,2973,3.5
12,2987,4.0
12,2997,4.0
12,3020,4.0
12,3033,4.0
12,3034,4.0
12,3044,2.5
12,3045,4.5
12,3060,4.5
12,3071,4.0
12,3082,3.0
12,3087,4.0
12,3089,3.5
12,3105,2.5
12,3148,3.5
12,3168,2.0
12,3174,2.0
12,3186,2.0
12,3210,4.0
12,3243,2.0
12,3247,2.0
12,3249,1.0
12,3250,3.5
12,3253,4.0
12,3254,2.0
12,3255,4.0
12,3257,2.0
12,3261,3.0
12,3262,2.0
12,3263,2.0
12,3264,3.0
12,3274,2.0
12,3285,2.0
12,3296,4.5
12,3317,4.0
12,3358,2.0
12,3363,4.0
12,3387,1.0
12,3388,3.0
12,3391,2.0
12,3392,1.0
12,3396,4.0
12,3397,2.5
12,3398,4.5
12,3418,4.0
12,3429,4.0
12,3435,4.0
12,3438,2.0
12,3448,4.0
12,3451,4.5
12,3465,1.0
12,3478,2.5
12,3480,4.0
12,3481,5.0
12,3499,3.0
12,3507,4.5
12,3527,3.0
12,3538,4.0
12,3545,2.5
12,3546,4.0
12,3578,3.5
12,3581,3.0
12,3608,4.0
12,3618,4.5
12,3633,3.0
12,3669,2.5
12,3686,2.5
12,3712,4.5
12,3740,1.5
12,3751,4.0
12,3755,2.0
12,3777,2.5
12,3783,4.0
12,3793,2.0
12,3794,2.0
12,3809,1.0
12,3823,3.0
12,3826,1.0
12,3831,2.0
12,3844,4.0
12,3863,1.5
12,3877,1.0
12,3893,2.0
12,3897,4.5
12,3911,4.5
12,3948,2.0
12,3952,2.5
12,3967,5.0
12,3969,3.0
12,3996,2.5
12,4002,4.0
12,4011,3.0
12,4014,4.0
12,4015,3.0
12,4017,3.5
12,4022,3.0
12,4025,3.5
12,4027,4.0
12,4039,2.5
12,4040,2.5
12,4066,4.0
12,4080,2.0
12,4090,4.0
12,4100,1.0
12,4103,4.0
12,4104,1.0
12,4105,4.0
12,4121,3.0
12,4125,1.0
12,4127,1.0
12,4128,4.0
12,4135,2.5
12,4175,3.0
12,4225,3.5
12,4226,3.5
12,4246,4.0
12,4248,2.5
12,4306,4.0
12,4308,3.5
12,4378,4.0
12,4386,1.0
12,4529,4.5
12,4559,1.5
12,4571,4.0
12,4616,4.0
12,4638,2.0
12,4679,2.5
12,4700,3.5
12,4703,4.0
12,4733,2.5
12,4812,2.5
12,4878,4.0
12,4896,4.0
12,4973,5.0
12,4979,4.5
12,4993,2.0
12,5008,4.0
12,5013,4.0
12,5034,4.0
12,5103,2.5
12,5119,4.5
12,5171,2.5
12,5225,3.5
12,5339,3.5
12,5349,3.0
12,5377,4.5
12,5378,3.5
12,5380,3.5
12,5401,2.5
12,5404,4.5
12,5459,2.0
12,5464,3.5
12,5481,2.0
12,5525,3.5
12,5541,3.5
12,5577,4.0
12,5617,3.0
12,5618,4.0
12,5669,4.0
12,5693,4.0
12,5785,2.0
12,5796,4.0
12,5816,3.5
12,5872,3.0
12,5876,3.5
12,5944,3.5
12,5994,3.0
12,6016,4.0
12,6027,3.5
12,6104,4.0
12,6218,4.0
12,6254,4.0
12,6268,3.0
12,6296,3.5
12,6297,3.5
12,6331,4.0
12,6377,4.0
12,6378,3.0
12,6385,3.5
12,6436,4.0
12,6502,4.0
12,6539,3.5
12,6711,4.5
12,6750,3.0
12,6773,4.5
12,6863,3.5
12,6867,4.0
12,6893,4.0
12,6942,3.0
12,6979,4.0
12,6993,4.0
12,7352,4.0
12,7451,3.0
12,7647,4.0
12,7983,3.5
12,8017,3.5
12,8040,4.0
12,8183,4.5
12,8360,3.5
12,8365,3.0
12,8368,4.0
12,8376,4.0
12,8464,4.0
12,8532,4.0
12,8622,4.0
12,8638,4.0
12,8644,3.5
12,8712,4.0
12,8827,4.5
12,8873,3.5
12,8874,4.5
12,8910,3.5
12,8949,4.5
12,8951,4.0
12,8961,3.0
12,8970,4.0
12,25777,4.0
12,27790,3.5
12,27815,4.0
12,27831,3.0
12,30707,4.0
12,30749,4.5
12,30810,3.0
12,31435,4.0
12,32291,3.5
12,32943,4.5
12,33004,4.0
12,33171,3.5
12,33493,4.0
12,33639,3.5
12,33679,3.0
12,33722,3.0
12,33817,3.5
12,33903,4.0
12,34072,4.0
12,34148,3.5
12,34437,4.5
12,36276,3.5
12,38038,3.5
12,38159,3.5
12,40278,3.5
12,40629,3.5
12,40815,4.0
12,40870,4.0
12,40952,2.5
12,41285,3.0
12,41566,3.0
12,41712,3.5
12,42018,3.5
12,44195,3.5
12,44555,4.5
12,44694,3.5
12,44761,3.5
12,45950,4.5
12,46578,4.0
12,46967,3.0
12,46976,3.5
12,47629,4.0
12,47894,3.5
12,48394,4.0
12,48516,4.0
12,48738,4.5
12,49272,4.5
12,49961,4.0
12,50068,4.5
12,51255,3.5
12,51694,4.0
12,52952,4.5
12,54001,3.5
12,54272,4.0
12,55052,4.0
12,55276,4.0
12,55442,4.5
12,55814,4.0
12,55820,4.5
12,56367,4.0
12,56788,3.5
12,57669,4.0
12,58879,3.0
12,60069,3.5
12,60950,4.5
12,61319,4.0
12,63808,4.0
12,63876,4.0
12,64620,4.5
12,67997,4.5
12,68237,4.5
12,68358,4.0
12,69122,5.0
12,69481,4.0
12,69757,3.0
12,70293,4.5
12,71579,4.5
12,72011,4.0
12,72226,3.5
12,72720,4.0
12,72998,4.0
12,73860,3.5
12,74416,3.0
12,74677,3.5
12,76173,4.0
13,1,4.0
13,19,3.5
13,32,4.0
13,34,4.0
13,47,4.0
13,60,0.5
13,70,3.5
13,104,4.0
13,110,4.5
13,112,4.0
13,141,4.5
13,150,4.5
13,153,1.0
13,173,2.0
13,208,3.5
13,216,3.0
13,231,5.0
13,256,2.0
13,260,4.5
13,277,3.0
13,296,5.0
13,303,3.0
13,318,4.5
13,344,4.0
13,356,5.0
13,364,4.0
13,367,4.0
13,377,3.5
13,432,2.5
13,441,4.5
13,455,1.5
13,480,4.0
13,520,3.5
13,541,3.5
13,551,4.5
13,553,4.0
13,589,4.0
13,592,4.0
13,593,4.5
13,595,3.5
13,648,3.5
13,736,3.0
13,745,4.0
13,778,4.5
13,780,3.0
13,924,3.5
13,1035,3.5
13,1049,4.0
13,1073,4.5
13,1079,4.5
13,1089,4.5
13,1097,4.0
13,1127,4.0
13,1136,4.0
13,1196,5.0
13,1198,5.0
13,1200,4.0
13,1201,5.0
13,1206,4.5
13,1210,4.5
13,1214,5.0
13,1240,3.5
13,1265,4.0
13,1266,4.5
13,1270,4.5
13,1274,5.0
13,1278,5.0
13,1291,4.0
13,1359,2.0
13,1377,3.5
13,1378,3.5
13,1441,2.5
13,1500,4.0
13,1517,4.0
13,1527,4.5
13,1562,0.5
13,1580,3.5
13,1584,4.0
13,1616,3.5
13,1653,4.0
13,1704,4.5
13,1721,3.5
13,1732,5.0
13,1748,3.0
13,1921,3.5
13,1923,4.0
13,2011,3.5
13,2012,3.5
13,2028,4.5
13,2046,3.0
13,2060,4.0
13,2115,3.5
13,2141,3.5
13,2142,4.5
13,2232,3.5
13,2288,4.0
13,2296,2.5
13,2329,4.0
13,2355,4.0
13,2366,3.5
13,2501,4.5
13,2502,5.0
13,2542,5.0
13,2571,4.5
13,2628,4.0
13,2683,3.5
13,2701,1.5
13,2710,0.5
13,2716,4.5
13,2746,4.0
13,2761,5.0
13,2762,3.0
13,2826,3.5
13,2858,4.0
13,2916,3.5
13,2918,4.5
13,2959,5.0
13,3000,5.0
13,3033,4.0
13,3074,4.5
13,3100,4.5
13,3113,3.0
13,3147,4.5
13,3175,4.0
13,3210,3.5
13,3275,4.5
13,3300,4.5
13,3354,3.5
13,3418,2.5
13,3471,4.0
13,3508,4.5
13,3527,3.5
13,3578,4.5
13,3624,3.0
13,3671,4.5
13,3681,4.5
13,3698,2.5
13,3703,3.0
13,3745,3.0
13,3752,3.5
13,3793,4.0
13,3916,3.5
13,3948,4.0
13,3972,4.5
13,3981,2.5
13,3986,2.0
13,3994,3.5
13,3996,4.5
13,4011,5.0
13,4027,4.5
13,4161,3.5
13,4226,4.5
13,4247,3.0
13,4306,4.0
13,4321,3.0
13,4343,3.5
13,4370,3.0
13,4558,2.5
13,4643,2.5
13,4721,2.5
13,4816,3.5
13,4878,4.5
13,4886,4.5
13,4887,3.0
13,4896,3.5
13,4963,4.0
13,4993,4.5
13,5010,4.0
13,5072,3.0
13,5110,4.0
13,5219,3.0
13,5244,4.0
13,5349,4.5
13,5378,3.0
13,5418,4.5
13,5444,3.5
13,5445,3.5
13,5459,3.0
13,5463,2.0
13,5481,3.0
13,5502,3.0
13,5528,0.5
13,5816,3.5
13,5881,3.5
13,5882,3.5
13,5903,3.0
13,5952,4.5
13,5956,4.5
13,5989,4.5
13,6188,4.0
13,6264,2.5
13,6283,5.0
13,6294,2.0
13,6333,3.5
13,6365,3.0
13,6377,4.0
13,6502,5.0
13,6537,2.5
13,6539,4.0
13,6664,2.5
13,6753,4.0
13,6857,4.5
13,6874,4.0
13,6934,3.0
13,6936,1.0
13,6950,3.5
13,6951,0.5
13,7004,2.5
13,7090,5.0
13,7143,4.5
13,7147,3.5
13,7153,4.5
13,7254,2.0
13,7360,4.5
13,7361,3.5
13,7373,3.5
13,7438,4.0
13,7445,4.5
13,7458,2.0
13,7482,5.0
13,8360,3.5
13,8361,3.0
13,8366,3.0
13,8368,3.5
13,8371,3.5
13,8533,0.5
13,8622,4.0
13,8636,4.0
13,8641,3.0
13,8644,4.0
13,8665,4.5
13,8784,4.5
13,8861,2.5
13,8865,1.5
13,8874,5.0
13,8914,3.5
13,8950,4.0
13,8957,3.5
13,8961,4.5
13,8984,3.0
13,26925,4.0
13,27660,4.5
13,27831,5.0
13,27904,3.5
13,30810,4.5
13,31660,3.5
13,31878,4.5
13,32031,3.5
13,32587,4.5
13,33004,4.0
13,33158,0.5
13,33493,3.5
13,33495,0.5
13,33794,4.5
13,33836,1.0
13,34048,3.5
13,34111,4.0
13,34150,2.5
13,34162,3.5
13,34319,2.5
13,34405,5.0
13,35836,3.5
13,37380,2.0
13,37830,3.5
13,39381,4.0
13,40815,3.5
13,41569,4.5
13,42718,3.5
13,43396,4.5
13,44191,4.5
13,44195,4.5
13,44199,4.0
13,44665,4.0
13,45499,3.0
13,45722,3.0
13,46322,4.5
13,46578,5.0
13,47997,3.5
13,48043,3.5
13,48394,3.5
13,48516,5.0
13,48774,5.0
13,48780,4.5
13,49272,5.0
13,50872,4.5
13,51255,4.5
13,51662,4.0
13,51698,1.5
13,52281,3.5
13,52321,3.5
13,52328,3.0
13,52722,3.0
13,52973,4.0
13,53000,3.5
13,53121,2.5
13,53125,1.5
13,53322,2.5
13,53519,4.0
13,53953,4.0
13,53996,3.0
13,54001,3.5
13,54256,3.5
13,54286,4.5
13,54503,4.0
13,54997,4.5
13,55232,3.0
13,55247,5.0
13,55363,4.5
13,55620,3.5
13,55820,4.5
13,55908,4.0
13,56145,4.5
13,56174,3.5
13,56757,3.0
13,57368,4.5
13,57640,3.0
13,57669,4.0
13,58559,5.0
13,59103,2.5
13,59126,4.5
13,59295,0.5
13,59315,4.5
13,59369,4.0
13,59615,4.0
13,59784,3.5
13,60037,1.5
13,60040,3.5
13,60069,5.0
13,60647,3.5
13,60684,3.5
13,60756,3.5
13,61024,4.0
13,61160,2.5
13,61289,1.0
13,61986,4.0
13,62434,4.0
13,63072,4.5
13,63113,4.5
13,63131,4.0
13,63853,2.5
13,65514,3.0
13,66097,3.5
13,66171,1.5
13,66335,4.0
13,67087,4.0
13,67408,3.0
13,68157,4.0
13,68237,4.5
13,68319,3.0
13,68358,3.0
13,68554,2.0
13,68791,3.0
13,68952,1.5
13,68954,3.5
13,69122,4.0
13,69526,1.0
13,69784,3.5
13,69844,3.5
13,69951,2.0
13,70286,4.5
13,70336,0.5
13,71135,4.0
13,71156,4.0
13,71379,1.5
13,71520,3.5
13,71535,4.0
13,72226,4.5
13,72378,2.0
13,72393,2.0
13,72489,2.5
13,72998,4.0
13,73017,4.0
13,73321,3.5
13,73870,1.0
13,74458,3.0
13,74688,0.5
13,74789,3.0
13,74851,3.5
13,76077,2.5
13,76093,4.0
13,76175,4.0
13,77364,2.5
13,77561,4.0
13,77866,2.0
13,78105,2.5
13,78266,1.0
13,78469,3.0
13,78499,3.5
13,78637,3.0
13,78893,2.5
13,79091,3.5
13,79132,4.5
13,79139,2.5
13,79185,3.5
13,79293,1.0
13,80939,3.5
13,81537,4.0
13,81834,3.5
13,81847,3.5
13,82459,4.5
13,82461,3.5
13,82852,2.0
13,83349,3.0
13,84944,4.0
13,86332,2.5
13,87306,3.5
13,87869,4.0
13,88125,4.0
13,88129,4.0
13,88163,3.5
13,88785,3.0
13,89840,3.0
14,50,5.0
14,293,5.0
14,296,5.0
14,527,5.0
14,608,5.0
14,1089,5.0
14,1265,4.5
14,2329,4.0
14,2542,4.5
14,2858,5.0
14,2959,5.0
14,4011,5.0
14,4973,5.0
14,4993,4.0
14,6016,4.0
14,7438,4.5
14,8874,4.0
14,34405,4.0
14,46976,4.5
14,60069,5.0
14,63082,4.5
14,64614,4.5
14,68954,3.0
14,69757,4.0
14,70286,5.0
14,92259,5.0
14,94959,5.0
14,109374,5.0
14,111759,4.5
14,164179,4.0
14,171763,5.0
15,110,3.0
15,141,5.0
15,216,4.0
15,296,5.0
15,349,5.0
15,356,5.0
15,380,4.0
15,480,3.0
15,541,5.0
15,543,5.0
15,608,5.0
15,736,3.0
15,778,5.0
15,1088,2.0
15,1103,5.0
15,1136,5.0
15,1183,5.0
15,1189,4.0
15,1197,4.0
15,1198,4.0
15,1246,5.0
15,1265,5.0
15,1288,4.0
15,1291,4.0
15,1385,3.0
15,1394,5.0
15,1479,5.0
15,1488,5.0
15,1500,5.0
15,1527,4.0
15,1580,4.0
15,1594,5.0
15,1608,5.0
15,1610,5.0
15,1918,3.0
15,1923,5.0
15,1961,5.0
15,1968,4.0
15,2028,5.0
15,2153,3.0
15,2165,5.0
15,2373,2.0
15,2387,5.0
15,2406,3.0
15,2427,5.0
15,2539,4.0
15,2571,5.0
15,2598,3.0
15,2640,2.0
15,2672,5.0
15,2677,5.0
15,2699,3.0
15,2700,4.0
15,2710,4.0
15,2735,2.0
15,2802,3.0
15,2815,2.0
15,2858,5.0
15,2916,4.0
15,2918,5.0
15,2987,3.0
15,2997,5.0
15,3020,5.0
15,3060,5.0
15,3108,5.0
15,3298,5.0
15,3863,4.0
15,3977,3.0
15,4022,5.0
15,8665,4.5
16,318,5.0
16,858,5.0
16,1193,4.5
16,1221,5.0
16,1240,5.0
16,1704,4.5
16,1961,4.0
16,2023,4.0
16,2028,4.0
16,2324,5.0
16,2858,5.0
16,2959,5.0
16,3000,5.0
16,4993,4.0
16,5618,5.0
16,5952,4.0
16,5971,3.0
16,5995,4.5
16,6016,5.0
16,6350,4.5
16,26662,3.5
16,26903,4.0
16,31658,5.0
16,73881,4.0
17,588,3.0
17,5055,4.0
17,6377,2.5
17,6942,4.0
17,36086,4.0
17,47099,3.0
17,51662,2.5
17,59315,3.0
17,59784,5.0
17,62999,5.0
17,68954,3.5
17,72998,4.5
17,77561,4.0
17,78105,2.5
17,78499,2.5
17,79091,5.0
17,88140,4.0
17,89745,3.5
17,95167,3.0
17,102125,5.0
17,102903,5.0
17,103335,4.0
17,108932,3.0
17,111759,3.0
17,115617,4.5
17,122892,4.0
17,122920,4.0
17,134130,2.5
17,164179,2.5
18,1,3.0
18,3,1.5
18,5,4.0
18,7,4.0
18,10,4.0
18,11,4.0
18,17,3.0
18,19,4.0
18,47,4.0
18,50,4.0
18,95,3.0
18,110,3.0
18,141,4.0
18,153,3.5
18,160,3.0
18,165,3.0
18,173,1.0
18,186,3.0
18,253,4.0
18,260,3.0
18,266,0.5
18,288,1.0
18,293,4.0
18,296,3.0
18,329,3.0
18,337,3.5
18,344,4.0
18,349,4.0
18,353,4.0
18,356,3.0
18,357,3.5
18,364,4.5
18,367,3.0
18,380,2.5
18,410,3.0
18,432,2.0
18,434,0.5
18,457,3.5
18,480,4.0
18,500,4.0
18,539,3.0
18,541,3.0
18,551,4.0
18,586,2.5
18,587,2.5
18,588,2.5
18,589,4.0
18,592,5.0
18,593,4.0
18,595,2.5
18,597,3.0
18,608,3.5
18,648,4.0
18,708,4.0
18,733,4.0
18,736,4.0
18,778,4.5
18,780,4.0
18,784,3.0
18,802,4.0
18,858,3.0
18,919,4.0
18,924,3.0
18,1036,4.0
18,1080,3.0
18,1094,1.0
18,1097,3.0
18,1101,2.0
18,1127,3.5
18,1136,4.5
18,1196,5.0
18,1197,4.0
18,1198,5.0
18,1200,4.0
18,1208,5.0
18,1210,5.0
18,1214,4.0
18,1218,0.5
18,1220,5.0
18,1222,2.0
18,1225,4.0
18,1234,4.0
18,1240,5.0
18,1258,4.0
18,1265,5.0
18,1270,2.0
18,1278,4.0
18,1287,0.5
18,1291,3.5
18,1304,0.5
18,1307,3.5
18,1370,4.0
18,1374,4.0
18,1517,4.0
18,1527,3.0
18,1573,4.0
18,1580,4.0
18,1584,3.0
18,1608,4.0
18,1610,4.0
18,1641,3.0
18,1653,3.5
18,1663,4.0
18,1682,3.5
18,1704,3.5
18,1721,2.5
18,1917,3.5
18,1923,3.0
18,1968,4.0
18,2000,4.0
18,2006,3.5
18,2028,2.0
18,2115,3.5
18,2124,3.5
18,2167,3.0
18,2174,4.0
18,2194,4.0
18,2268,4.5
18,2291,3.5
18,2353,3.5
18,2423,4.0
18,2529,1.5
18,2571,5.0
18,2617,5.0
18,2628,4.0
18,2640,2.5
18,2654,4.0
18,2683,4.0
18,2706,4.0
18,2710,3.0
18,2712,3.0
18,2716,4.0
18,2762,5.0
18,2791,4.0
18,2797,3.0
18,2858,4.5
18,2916,3.0
18,2918,4.0
18,2947,3.0
18,3101,3.5
18,3105,3.5
18,3114,3.0
18,3271,4.0
18,3355,3.5
18,3421,4.0
18,3471,3.5
18,3499,3.0
18,3552,5.0
18,3578,4.0
18,3793,4.0
18,3897,4.0
18,3996,4.0
18,4085,2.5
18,4262,3.0
18,4270,4.0
18,4306,3.0
18,4643,2.5
18,4720,4.0
18,4963,4.0
18,4993,5.0
18,5064,4.5
18,5349,4.0
18,5378,3.0
18,5445,3.5
18,5911,0.5
18,5952,4.0
18,6333,4.0
18,6377,4.0
18,6539,4.0
18,6754,4.0
18,6796,0.5
18,6818,0.5
18,6874,4.0
18,6979,3.5
18,7027,0.5
18,7090,0.5
18,7143,4.0
18,7153,4.0
18,7386,3.5
18,7454,4.0
18,7720,3.5
18,7844,0.5
18,8589,0.5
18,8607,0.5
18,8623,4.0
18,8827,4.0
18,26375,2.0
19,2,3.5
19,44,2.0
19,48,1.5
19,110,3.0
19,123,4.5
19,158,3.0
19,231,4.0
19,260,3.5
19,293,3.0
19,296,3.5
19,318,4.0
19,356,4.0
19,364,2.0
19,367,3.5
19,480,3.5
19,541,4.5
19,588,2.5
19,593,4.0
19,594,2.5
19,595,3.0
19,673,2.5
19,718,3.0
19,741,5.0
19,745,3.5
19,778,4.0
19,783,2.5
19,858,5.0
19,924,5.0
19,968,4.0
19,1015,3.0
19,1022,2.0
19,1029,2.0
19,1136,5.0
19,1148,3.5
19,1196,4.0
19,1200,4.0
19,1201,4.0
19,1206,4.5
19,1208,4.5
19,1210,4.0
19,1214,5.0
19,1215,3.5
19,1258,3.5
19,1270,4.0
19,1274,5.0
19,1281,5.0
19,1282,4.0
19,1287,4.0
19,1320,4.0
19,1333,3.5
19,1367,2.5
19,1391,4.0
19,1517,3.0
19,1527,3.5
19,1566,2.5
19,1641,4.0
19,1673,4.0
19,1690,4.0
19,1721,3.5
19,1722,2.5
19,1809,4.0
19,1907,2.5
19,1909,3.0
19,1911,1.5
19,1954,3.0
19,2006,3.0
19,2010,5.0
19,2020,3.5
19,2080,2.0
19,2081,2.5
19,2273,2.0
19,2288,3.5
19,2294,2.0
19,2313,4.0
19,2355,3.0
19,2394,2.5
19,2409,3.0
19,2410,3.0
19,2411,3.5
19,2412,4.0
19,2529,4.0
19,2571,4.0
19,2628,4.0
19,2664,2.5
19,2696,3.5
19,2716,5.0
19,2810,4.5
19,2959,3.5
19,2997,4.5
19,3000,5.0
19,3147,3.0
19,3159,3.5
19,3310,4.5
19,3328,4.0
19,3462,4.0
19,3483,2.5
19,3578,4.0
19,3615,2.5
19,3624,3.0
19,3751,3.0
19,3785,1.5
19,3793,2.0
19,3945,3.0
19,3949,4.0
19,3967,3.5
19,4011,3.5
19,4022,3.5
19,4105,3.5
19,4144,4.5
19,4148,3.5
19,4270,1.5
19,4306,3.0
19,4308,2.5
19,4310,1.5
19,4312,3.5
19,4366,3.0
19,4367,2.5
19,4368,1.0
19,4446,2.5
19,4638,2.0
19,4640,3.5
19,4643,2.5
19,4701,2.0
19,4718,1.5
19,4720,5.0
19,4828,2.5
19,4896,3.0
19,4963,2.5
19,4973,3.0
19,4989,2.0
19,4993,4.5
19,5072,4.0
19,5218,3.0
19,5349,1.5
19,5378,3.0
19,5444,3.0
19,5459,2.5
19,5481,2.0
19,5618,5.0
19,5628,2.5
19,5630,3.0
19,5690,5.0
19,5816,3.5
19,5839,3.0
19,5858,3.5
19,5872,2.5
19,5952,5.0
19,5956,3.0
19,5971,5.0
19,5995,4.5
19,6016,2.5
19,6119,3.0
19,6156,1.0
19,6283,4.0
19,6333,3.0
19,6350,5.0
19,6365,3.0
19,6373,3.0
19,6377,2.5
19,6502,4.0
19,6534,2.5
19,6539,2.5
19,6550,3.5
19,6564,2.0
19,6618,4.0
19,6660,4.5
19,6711,4.5
19,6713,4.5
19,6772,5.0
19,6773,4.0
19,6863,3.0
19,6874,4.0
19,6934,2.5
19,6979,4.0
19,7022,5.0
19,7099,5.0
19,7143,2.5
19,7147,3.5
19,7153,5.0
19,7318,2.0
19,7438,3.5
19,7439,1.5
19,7458,3.0
19,8157,5.0
19,8253,4.0
19,8327,5.0
19,8360,2.5
19,8361,2.5
19,8368,4.5
19,8370,4.0
19,8464,4.0
19,8604,2.0
19,8607,5.0
19,8636,2.5
19,8644,2.5
19,8874,4.0
19,8917,2.0
19,8947,2.0
19,8957,2.0
19,8977,3.0
19,8983,3.5
19,8984,2.0
19,26183,3.5
19,26340,3.0
19,26417,2.0
19,26463,3.5
19,26565,3.0
19,26662,5.0
19,26776,5.0
19,26840,3.5
19,26903,5.0
19,27156,5.0
19,27344,4.0
19,27368,3.5
19,27604,3.0
19,27608,4.0
19,27660,3.0
19,27704,3.0
19,27728,5.0
19,27731,3.5
19,27800,4.0
19,27815,3.0
19,30707,4.0
19,30803,4.5
19,30867,5.0
19,31410,3.0
19,31437,3.5
19,31658,5.0
19,31660,3.5
19,31878,4.0
19,32452,3.5
19,32657,5.0
19,32840,4.0
19,32898,4.0
19,33162,2.0
19,33270,5.0
19,33493,3.5
19,33679,2.0
19,33794,2.5
19,35836,2.5
19,37729,3.0
19,39183,3.5
19,40414,3.5
19,40815,3.0
19,41566,2.5
19,41569,3.0
19,43552,2.0
19,44115,2.5
19,44191,3.5
19,44555,4.0
19,44849,4.0
19,45447,2.0
19,45499,2.0
19,45722,2.0
19,46578,3.0
19,46723,1.5
19,47629,3.0
19,47997,3.5
19,48385,3.0
19,49272,2.5
19,49651,4.5
19,49815,4.0
19,50068,3.5
19,50583,3.5
19,50804,3.0
19,50872,3.5
19,51255,5.0
19,51662,3.0
19,52885,5.0
19,53000,3.0
19,54001,3.0
19,54272,4.0
19,54617,2.0
19,55167,4.0
19,55247,3.0
19,55442,4.0
19,56174,2.5
19,56631,3.0
19,57504,4.0
19,58174,3.0
19,58559,2.5
19,59315,2.5
19,59784,3.5
19,60040,2.5
19,60069,4.0
19,60408,2.0
19,60609,1.5
19,60684,3.5
19,60760,3.0
19,61236,4.0
19,62203,3.5
19,63082,3.5
19,64614,4.5
19,64839,3.0
19,64993,5.0
19,65261,5.0
19,66371,5.0
19,66854,4.0
19,68319,1.5
19,68954,3.5
19,68959,3.0
19,69529,3.5
19,69844,3.0
19,70286,2.5
19,70533,5.0
19,71438,4.5
19,72378,2.5
19,72641,3.5
19,72998,3.5
19,73017,3.5
19,73804,1.5
19,74458,3.5
19,76158,4.0
19,76251,3.5
19,77353,3.0
19,79132,3.5
19,79702,3.0
19,81018,4.0
19,81591,2.0
19,81834,3.0
19,81845,3.5
19,82169,2.0
19,83132,3.5
19,83134,3.5
19,83525,3.5
19,84187,5.0
19,84772,3.0
19,85179,4.0
19,85549,4.0
19,85788,3.0
19,86279,4.5
19,86973,4.0
19,87232,2.0
19,87306,3.5
19,88125,3.0
19,88163,1.0
19,88810,4.0
19,90057,4.0
19,90474,3.5
19,90522,3.0
19,90866,4.0
19,90943,4.0
19,91529,3.0
19,91542,2.5
19,91658,2.0
19,92210,5.0
19,92259,3.5
19,92422,3.0
19,93240,3.5
19,93610,1.5
19,93748,4.0
19,94864,2.5
19,94959,4.0
19,94978,5.0
19,95510,1.5
19,95654,3.0
19,96079,3.0
19,96610,2.5
19,96907,4.0
19,96950,3.5
19,97401,4.0
19,97752,3.0
19,97913,3.0
19,97938,3.0
19,98056,4.5
19,98491,5.0
19,98604,3.5
19,98607,5.0
19,99114,3.0
19,100946,3.5
19,101962,2.5
19,102995,3.5
19,103228,5.0
19,103341,4.0
19,103525,3.0
19,103549,3.5
19,103624,4.0
19,103984,4.0
19,104283,5.0
19,104841,2.5
19,104908,2.5
19,105703,3.0
19,106163,4.0
19,106489,1.5
19,106696,3.0
19,106782,2.0
19,107306,3.5
19,108056,4.0
19,108977,4.0
19,109000,3.0
19,109241,2.5
19,109364,5.0
19,109374,4.0
19,109487,4.0
19,109633,4.5
19,109638,3.5
19,109848,4.0
19,110102,1.5
19,111362,2.0
19,111759,3.0
19,112183,3.5
19,112512,4.0
19,112552,5.0
19,112807,5.0
19,114552,3.5
19,114554,5.0
19,114627,3.5
19,115231,3.5
19,115617,3.5
19,116136,4.0
19,116797,3.5
19,116899,4.0
19,116905,3.5
19,117176,3.5
19,117438,4.0
19,118466,4.0
19,118702,2.5
19,121302,4.0
19,122882,3.5
19,122884,2.0
19,122886,4.0
19,125231,3.5
19,125704,3.5
19,126082,3.0
19,126090,4.5
19,126134,5.0
19,126584,3.5
19,130644,4.0
19,132169,3.0
19,133832,2.5
19,134130,3.0
19,134370,4.0
19,134853,4.0
19,135456,5.0
19,136020,2.0
19,136449,5.0
19,136906,4.0
19,139859,2.0
19,140106,3.5
19,140807,3.5
19,140809,3.5
19,140811,4.0
19,141432,5.0
19,142450,4.5
19,142452,4.0
19,142566,4.0
19,142843,3.0
19,145034,4.0
19,146656,5.0
19,148172,2.0
19,148466,4.0
19,148468,4.5
19,148470,4.0
19,148472,4.0
19,148474,4.0
19,149144,4.0
19,149146,4.0
19,152081,3.5
20,2,2.5
20,44,3.0
20,260,5.0
20,317,2.5
20,318,5.0
20,356,5.0
20,367,4.0
20,539,3.0
20,589,4.5
20,593,5.0
20,780,5.0
20,858,5.0
20,1036,5.0
20,1097,5.0
20,1193,5.0
20,1196,5.0
20,1200,5.0
20,1201,5.0
20,1204,4.0
20,1210,5.0
20,1214,5.0
20,1220,4.0
20,1250,4.5
20,1266,4.5
20,1270,4.0
20,1276,5.0
20,1371,4.0
20,1372,4.5
20,1389,0.5
20,1580,4.0
20,1722,4.0
20,2001,4.0
20,2006,3.5
20,2054,3.0
20,2193,4.5
20,2401,4.5
20,2571,5.0
20,2628,4.5
20,2716,4.5
20,2804,4.5
20,2872,3.0
20,2948,4.5
20,2949,4.5
20,2951,4.5
20,3101,4.0
20,3176,2.5
20,3198,5.0
20,3471,4.5
20,3508,5.0
20,3654,4.0
20,3681,4.5
20,3753,3.5
20,3873,5.0
20,4124,0.5
20,4306,4.0
20,4571,1.0
20,4896,4.5
20,4993,5.0
20,5040,4.0
20,5816,4.5
20,5952,5.0
20,6263,4.5
20,6483,0.5
20,6539,4.5
20,6548,4.0
20,6561,4.0
20,6564,4.0
20,6582,4.5
20,6585,4.0
20,6652,3.5
20,6658,2.0
20,6659,4.0
20,6662,4.5
20,6663,4.5
20,6664,4.0
20,7153,5.0
20,8961,4.0
20,35836,4.0
21,260,4.0
21,293,4.0
21,318,5.0
21,527,5.0
21,541,5.0
21,589,5.0
21,741,5.0
21,750,4.0
21,778,3.0
21,1196,4.0
21,1210,4.0
21,2571,5.0
21,3300,4.0
21,4011,4.5
21,4226,5.0
21,4344,3.5
21,4388,0.5
21,4816,2.5
21,4874,4.0
21,4993,5.0
21,5418,5.0
21,5445,4.5
21,5618,5.0
21,5816,4.0
21,5903,3.5
21,5952,5.0
21,5989,5.0
21,6539,5.0
21,6711,5.0
21,6934,4.0
21,6936,1.0
21,7090,4.0
21,7099,4.5
21,7153,5.0
21,7361,4.5
21,8665,5.0
21,26662,5.0
21,26776,4.5
21,27773,4.5
21,31658,5.0
21,33794,5.0
21,44191,4.5
21,48394,4.5
21,48516,4.0
21,48774,4.5
21,48780,5.0
21,51255,3.5
21,54286,5.0
21,55908,5.0
21,57669,3.0
21,58559,5.0
21,59387,4.5
21,59615,3.5
21,60069,4.5
21,60072,2.5
21,62849,4.0
21,63113,2.5
21,65514,4.0
21,66934,5.0
21,68157,4.0
21,68237,5.0
21,68319,3.0
21,68358,4.0
21,68791,2.5
21,68954,4.5
21,74458,4.5
21,79132,5.0
21,79702,5.0
21,81834,4.0
21,81845,5.0
21,82461,3.0
21,84152,4.5
21,87232,4.0
21,88125,4.0
21,88129,4.0
21,88140,3.5
21,89745,4.5
21,90746,3.5
21,91529,4.5
21,91542,3.0
21,91630,3.5
21,94959,4.0
21,99114,4.5
21,104283,5.0
21,109374,3.5
21,109487,5.0
21,111759,5.0
21,112556,4.0
21,112852,4.5
21,115569,3.5
21,115713,5.0
21,116797,5.0
21,117533,5.0
21,122882,4.5
21,122886,5.0
21,122892,3.5
21,122904,5.0
21,130634,3.5
21,134130,5.0
21,134853,5.0
21,135133,2.5
21,136020,4.0
21,136449,5.0
22,150,5.0
22,153,5.0
22,161,4.0
22,165,5.0
22,185,5.0
22,208,4.0
22,231,1.0
22,253,4.0
22,292,5.0
22,296,3.0
22,316,5.0
22,318,4.0
22,329,5.0
22,339,5.0
22,344,3.0
22,349,5.0
22,380,4.0
22,434,4.0
22,588,5.0
22,590,5.0
22,592,5.0
22,595,4.0
23,3,5.0
23,6,4.0
23,7,2.0
23,11,5.0
23,14,2.0
23,16,4.0
23,25,4.0
23,32,3.0
23,36,5.0
23,39,3.0
23,40,4.0
23,47,4.0
23,50,5.0
23,52,4.0
23,58,5.0
23,62,5.0
23,72,2.0
23,104,3.0
23,105,4.0
23,111,4.0
23,125,5.0
23,144,3.0
23,150,5.0
23,156,5.0
23,161,4.0
23,165,3.0
23,186,1.0
23,194,5.0
23,216,4.0
23,223,4.0
23,224,4.0
23,231,4.0
23,232,4.0
23,236,3.0
23,246,5.0
23,252,4.0
23,260,5.0
23,261,3.0
23,266,3.0
23,281,4.0
23,296,5.0
23,300,5.0
23,318,5.0
23,319,4.0
23,348,4.0
23,349,3.0
23,354,4.0
23,356,5.0
23,357,5.0
23,369,4.0
23,370,3.0
23,372,4.0
23,377,3.0
23,380,3.0
23,413,3.0
23,428,5.0
23,431,5.0
23,440,4.0
23,441,4.0
23,452,4.0
23,454,4.0
23,456,3.0
23,457,5.0
23,466,4.0
23,474,5.0
23,475,5.0
23,491,5.0
23,492,4.0
23,497,4.0
23,506,3.0
23,508,5.0
23,509,3.0
23,511,3.0
23,514,5.0
23,515,5.0
23,524,4.0
23,527,5.0
23,529,4.0
23,535,4.0
23,538,5.0
23,539,5.0
23,541,4.0
23,543,4.0
23,555,3.0
23,589,2.0
23,590,5.0
23,592,3.0
23,593,5.0
23,597,3.0
23,605,3.0
23,608,4.0
23,647,4.0
23,648,3.0
23,708,3.0
23,733,4.0
23,778,4.0
23,800,4.0
23,805,4.0
23,832,2.0
23,848,4.0
23,851,5.0
23,852,3.0
23,858,5.0
23,912,4.0
23,913,5.0
23,915,2.0
23,924,4.0
23,953,4.0
23,994,5.0
23,1020,3.0
23,1036,4.0
23,1041,4.0
23,1050,5.0
23,1057,4.0
23,1060,5.0
23,1073,4.0
23,1079,5.0
23,1082,4.0
23,1089,5.0
23,1090,5.0
23,1092,4.0
23,1093,5.0
23,1094,5.0
23,1095,5.0
23,1097,5.0
23,1101,4.0
23,1104,4.0
23,1120,4.0
23,1124,5.0
23,1125,5.0
23,1127,4.0
23,1131,3.0
23,1132,3.0
23,1147,5.0
23,1172,5.0
23,1183,5.0
23,1185,4.0
23,1186,4.0
23,1193,5.0
23,1196,5.0
23,1197,5.0
23,1198,5.0
23,1200,3.0
23,1203,5.0
23,1207,5.0
23,1208,5.0
23,1210,5.0
23,1214,3.0
23,1220,5.0
23,1221,5.0
23,1225,5.0
23,1228,5.0
23,1230,5.0
23,1231,5.0
23,1234,5.0
23,1240,2.0
23,1242,5.0
23,1246,5.0
23,1247,5.0
23,1249,5.0
23,1251,4.0
23,1252,5.0
23,1257,4.0
23,1259,4.0
23,1265,5.0
23,1266,4.0
23,1270,5.0
23,1288,4.0
23,1291,5.0
23,1292,4.0
23,1293,5.0
23,1298,3.0
23,1300,5.0
23,1302,5.0
23,1304,5.0
23,1307,5.0
23,1343,4.0
23,1344,4.0
23,1357,5.0
23,1371,4.0
23,1374,5.0
23,1387,3.0
23,1393,4.0
23,1394,4.0
23,1395,4.0
23,1396,5.0
23,1404,5.0
23,1441,4.0
23,1449,3.0
23,1466,4.0
23,1500,4.0
23,1513,1.0
23,1517,5.0
23,1526,2.0
23,1569,3.0
23,1573,3.0
23,1584,5.0
23,1610,3.0
23,1617,5.0
23,1625,5.0
23,1635,4.0
23,1641,5.0
23,1643,4.0
23,1653,5.0
23,1663,5.0
23,1672,4.0
23,1673,3.0
23,1674,5.0
23,1682,4.0
23,1701,4.0
23,1704,5.0
23,1719,4.0
23,1721,4.0
23,1726,4.0
23,1729,4.0
23,1747,4.0
23,1784,4.0
23,1794,2.0
23,1810,3.0
23,1834,4.0
23,1835,4.0
23,1836,3.0
23,1840,5.0
23,1857,2.0
23,1875,3.0
23,1883,5.0
23,1884,2.0
23,1885,3.0
23,1894,2.0
23,1904,4.0
23,1912,4.0
23,1918,3.0
23,1923,4.0
23,1945,4.0
23,1948,2.0
23,1954,5.0
23,1955,4.0
23,1957,5.0
23,1958,5.0
23,1959,5.0
23,1961,5.0
23,1962,5.0
23,1965,3.0
23,1968,5.0
23,2000,4.0
23,2001,4.0
23,2002,3.0
23,2011,3.0
23,2023,4.0
23,2025,1.0
23,2028,5.0
23,2058,4.0
23,2064,4.0
23,2082,2.0
23,2100,4.0
23,2105,3.0
23,2108,5.0
23,2109,5.0
23,2112,5.0
23,2115,5.0
23,2116,5.0
23,2138,4.0
23,2144,4.0
23,2146,3.0
23,2150,4.0
23,2155,4.0
23,2166,5.0
23,2194,5.0
23,2231,4.0
23,2236,2.0
23,2240,4.0
23,2243,5.0
23,2245,3.0
23,2248,5.0
23,2262,3.0
23,2268,5.0
23,2269,3.0
23,2272,4.0
23,2289,4.0
23,2294,2.0
23,2301,4.0
23,2310,5.0
23,2321,4.0
23,2333,5.0
23,2334,3.0
23,2336,4.0
23,2340,3.0
23,2352,5.0
23,2353,3.0
23,2357,4.0
23,2359,5.0
23,2369,3.0
23,2370,4.0
23,2371,5.0
23,2391,4.0
23,2394,2.0
23,2395,5.0
23,2396,5.0
23,2406,4.0
23,2407,4.0
23,2409,5.0
23,2410,3.0
23,2411,3.0
23,2417,2.0
23,2418,4.0
23,2420,5.0
23,2421,3.0
23,2427,5.0
23,2431,4.0
23,2433,4.0
23,2470,4.0
23,2474,5.0
23,2504,4.0
23,2528,4.0
23,2533,4.0
23,2539,5.0
23,2567,3.0
23,2571,1.0
23,2580,4.0
23,2583,5.0
23,2599,4.0
23,2611,3.0
23,2628,4.0
23,2639,2.0
23,2657,3.0
23,2671,4.0
23,2677,4.0
23,2683,3.0
23,2692,4.0
23,2706,4.0
23,2707,3.0
23,2712,4.0
23,2716,5.0
23,2717,3.0
23,2723,5.0
23,2734,5.0
23,2750,4.0
23,2762,3.0
23,2791,4.0
23,2797,5.0
23,2803,4.0
23,2819,5.0
23,2858,5.0
23,2871,3.0
23,2872,4.0
23,2890,4.0
23,2915,4.0
23,2918,5.0
23,2928,4.0
23,2929,5.0
23,2942,3.0
23,2948,4.0
23,2973,5.0
23,2997,5.0
23,3006,4.0
23,3019,3.0
23,3044,5.0
23,3052,3.0
23,3060,5.0
23,3068,5.0
23,3071,4.0
23,3072,5.0
23,3098,5.0
23,3100,5.0
23,3105,5.0
23,3108,5.0
23,3135,2.0
23,3142,4.0
23,3167,5.0
23,4424,3.0
23,5060,5.0
24,31,4.0
24,50,4.5
24,318,4.5
24,527,4.5
24,858,4.0
24,1221,4.0
24,1479,3.5
24,1918,4.0
24,2078,5.0
24,2167,4.0
24,2273,4.0
24,2294,4.0
24,2490,4.0
24,2581,3.0
24,2694,4.0
24,2722,3.0
24,2959,4.5
24,3623,4.0
24,3624,4.0
24,3717,5.0
24,3755,4.0
24,3863,3.0
24,4018,3.5
24,4886,4.0
24,58559,4.5
25,16,3.0
25,17,4.0
25,19,3.0
25,21,3.0
25,25,4.0
25,36,5.0
25,39,3.0
25,47,5.0
25,50,2.0
25,52,5.0
25,110,5.0
25,141,3.0
25,144,3.0
25,150,4.0
25,151,5.0
25,153,4.0
25,159,3.0
25,160,3.0
25,161,2.0
25,165,3.0
25,185,3.0
25,186,3.0
25,194,3.0
25,196,3.0
25,208,4.0
25,215,4.0
25,223,1.0
25,225,3.0
25,229,3.0
25,231,3.0
25,235,4.0
25,236,3.0
25,246,4.0
25,247,1.0
25,252,3.0
25,260,3.0
25,261,3.0
25,266,3.0
25,280,5.0
25,281,4.0
25,282,3.0
25,288,3.0
25,292,4.0
25,293,4.0
25,296,5.0
25,300,5.0
25,306,4.0
25,315,2.0
25,316,3.0
25,317,3.0
25,318,5.0
25,319,3.0
25,337,3.0
25,339,3.0
25,344,3.0
25,349,3.0
25,350,3.0
25,356,2.0
25,357,3.0
25,367,4.0
25,377,5.0
25,380,3.0
25,384,3.0
25,420,3.0
25,428,5.0
25,431,4.0
25,432,2.0
25,434,3.0
25,440,4.0
25,454,3.0
25,457,5.0
25,474,5.0
25,480,4.0
25,500,3.0
25,508,3.0
25,509,5.0
25,524,3.0
25,527,5.0
25,535,5.0
25,555,5.0
25,588,4.0
25,589,3.0
25,590,4.0
25,592,3.0
25,593,5.0
25,595,3.0
25,733,4.0
26,1,3.0
26,32,4.5
26,47,4.5
26,50,5.0
26,110,4.0
26,260,3.0
26,296,3.0
26,318,4.5
26,344,3.0
26,356,3.0
26,377,2.5
26,455,3.0
26,480,3.0
26,589,5.0
26,590,3.5
26,593,4.0
26,648,4.0
26,780,3.5
26,1037,2.5
26,1198,3.0
26,1210,3.0
26,1270,3.0
26,1586,3.0
26,1969,3.0
26,1991,3.0
26,2161,3.5
26,2382,2.5
26,2571,5.0
26,2764,4.5
26,2858,3.5
26,3173,3.5
26,4023,3.0
26,4951,3.5
26,52604,5.0
26,53322,4.0
26,54286,4.0
26,54503,2.0
26,72249,3.0
26,79132,5.0
27,110,3.0
27,260,2.0
27,356,5.0
27,408,5.0
27,527,4.0
27,590,4.0
27,592,2.0
27,597,5.0
27,919,5.0
27,920,5.0
27,933,4.0
27,940,4.0
27,941,3.0
27,969,4.0
27,1008,5.0
27,1033,2.0
27,1036,3.0
27,1082,4.0
27,1097,2.0
27,1101,5.0
27,1196,2.0
27,1201,4.0
27,1231,5.0
27,1234,5.0
27,1240,4.0
27,1247,3.0
27,1262,5.0
27,1270,4.0
27,1291,4.0
27,1378,3.0
27,1387,1.0
27,1721,5.0
27,1931,4.0
27,1952,2.0
27,1962,5.0
27,2067,4.0
27,2080,5.0
27,2145,5.0
27,2194,2.0
27,2424,5.0
27,2470,5.0
27,2497,4.0
27,2570,3.0
27,2779,3.0
27,2797,5.0
27,2858,4.0
27,2916,4.0
27,2922,5.0
27,2951,4.0
27,3039,4.0
27,3098,5.0
27,3263,4.0
27,3365,5.0
27,3444,2.0
27,3494,3.0
27,3671,4.0
27,3681,3.0
27,3688,3.0
27,3959,4.0
27,5060,5.0
28,32,5.0
28,253,5.0
28,260,5.0
28,292,3.0
28,316,5.0
28,380,4.0
28,541,5.0
28,610,5.0
28,671,5.0
28,741,5.0
28,750,5.0
28,924,5.0
28,1097,5.0
28,1127,5.0
28,1196,5.0
28,1200,5.0
28,1206,5.0
28,1210,5.0
28,1214,5.0
28,1215,5.0
28,1240,5.0
28,1270,4.0
28,1391,5.0
28,1396,5.0
28,1407,5.0
28,1464,5.0
28,1527,5.0
28,1573,4.0
28,1580,5.0
28,1584,5.0
28,1676,5.0
28,1748,4.0
28,1909,5.0
28,2011,4.0
28,2021,5.0
28,2105,5.0
28,2311,5.0
28,2407,5.0
28,2571,5.0
28,2628,4.0
28,2657,3.0
28,2700,5.0
28,2723,3.0
28,2770,5.0
28,2826,4.0
28,2985,5.0
28,3033,5.0
28,3081,4.0
28,3300,4.0
29,69,3.0
29,73,3.5
29,88,3.5
29,147,3.5
29,175,3.0
29,413,1.5
29,562,3.5
29,608,4.0
29,1034,5.0
29,1354,4.0
29,1441,3.5
29,1619,3.0
29,1644,1.5
29,1673,3.5
29,2125,2.5
29,2478,3.0
29,2710,2.0
29,2747,4.0
29,2771,4.0
29,2950,2.5
29,3247,1.5
29,3477,3.5
29,4450,4.0
29,6755,3.5
29,36401,2.5
29,51091,4.0
29,55553,3.5
29,64034,4.0
29,68848,5.0
29,69757,3.5
29,69784,4.0
29,72641,3.5
29,81591,4.5
29,87485,3.5
30,377,1.5
30,410,4.5
30,500,4.0
30,1080,4.0
30,1136,4.5
30,1197,5.0
30,1198,3.5
30,1220,5.0
30,1291,3.5
30,1580,5.0
30,1682,3.5
30,2124,4.5
30,2273,5.0
30,2539,4.5
30,2803,3.5
30,2987,5.0
30,3033,3.5
30,3175,4.5
30,3256,3.0
30,3671,3.0
30,4027,5.0
30,4523,5.0
30,4701,3.5
30,4995,3.0
30,5049,4.5
30,5459,3.5
30,5900,4.0
30,6711,0.5
30,33004,4.5
30,33794,2.5
30,51255,2.0
30,54648,3.0
30,73017,3.0
30,91542,3.0
30,94777,5.0
31,10,3.5
31,11,3.5
31,17,2.5
31,32,2.0
31,34,3.5
31,36,2.5
31,39,2.0
31,47,3.0
31,50,3.0
31,95,2.0
31,110,1.5
31,111,3.0
31,141,3.5
31,145,2.0
31,150,3.0
31,153,2.0
31,161,2.5
31,165,2.5
31,185,2.5
31,215,2.5
31,253,2.0
31,260,1.0
31,277,2.5
31,288,1.5
31,292,2.5
31,296,3.0
31,300,2.5
31,318,4.0
31,339,2.5
31,344,2.0
31,345,3.0
31,349,2.0
31,356,3.0
31,357,2.5
31,364,2.5
31,372,1.5
31,377,3.0
31,380,2.5
31,412,3.5
31,434,0.5
31,454,2.5
31,457,3.5
31,474,3.5
31,480,2.0
31,500,2.5
31,527,2.5
31,539,3.0
31,541,1.5
31,586,2.0
31,587,3.0
31,588,2.0
31,589,3.0
31,590,1.5
31,592,3.0
31,593,3.0
31,595,3.0
31,597,3.0
31,608,3.5
31,647,2.0
31,648,3.0
31,733,2.5
31,736,2.0
31,750,2.5
31,780,2.0
31,788,1.5
31,838,3.0
31,858,3.0
31,899,4.0
31,909,4.5
31,912,3.5
31,924,1.0
31,926,3.5
31,932,3.5
31,940,2.5
31,965,3.5
31,969,3.5
31,1036,4.0
31,1078,2.0
31,1079,2.0
31,1089,2.0
31,1092,2.5
31,1097,3.0
31,1101,2.5
31,1172,3.0
31,1183,2.0
31,1193,3.0
31,1196,1.5
31,1198,2.0
31,1200,2.0
31,1203,4.0
31,1210,1.0
31,1213,3.0
31,1214,2.0
31,1220,2.0
31,1221,2.5
31,1225,3.5
31,1230,2.0
31,1240,3.0
31,1246,1.5
31,1258,2.0
31,1259,2.5
31,1265,3.5
31,1269,4.0
31,1270,3.5
31,1287,2.0
31,1291,2.0
31,1292,4.0
31,1307,3.5
31,1339,1.0
31,1377,2.0
31,1387,3.5
31,1391,2.0
31,1393,3.0
31,1453,1.0
31,1459,3.5
31,1479,2.0
31,1485,1.5
31,1517,2.0
31,1541,2.5
31,1573,3.5
31,1580,3.0
31,1608,1.0
31,1610,3.0
31,1617,3.0
31,1625,3.0
31,1641,2.5
31,1653,2.0
31,1693,2.0
31,1694,2.0
31,1704,2.0
31,1721,2.0
31,1784,3.0
31,1917,2.0
31,1923,2.0
31,1939,3.0
31,1953,3.0
31,1961,3.5
31,1968,3.0
31,2000,3.0
31,2002,2.5
31,2011,2.0
31,2012,2.0
31,2018,3.0
31,2028,2.5
31,2072,2.0
31,2081,3.0
31,2115,2.0
31,2133,2.0
31,2141,3.0
31,2174,1.0
31,2248,3.0
31,2262,3.5
31,2314,1.0
31,2321,2.5
31,2329,2.5
31,2353,2.5
31,2384,2.0
31,2396,3.5
31,2406,2.0
31,2427,1.5
31,2445,2.5
31,2502,3.0
31,2505,2.0
31,2520,2.0
31,2521,2.0
31,2522,2.0
31,2539,2.0
31,2571,2.0
31,2617,2.5
31,2628,1.0
31,2640,3.0
31,2683,2.0
31,2706,1.0
31,2707,3.0
31,2710,1.5
31,2712,2.0
31,2723,2.0
31,2731,3.0
31,2753,2.5
31,2762,3.0
31,2791,3.0
31,2797,3.0
31,2819,2.5
31,2858,3.0
31,2870,3.0
31,2871,2.5
31,2915,3.0
31,2918,3.0
31,2959,2.0
31,2967,3.0
31,2987,2.5
31,2997,2.5
31,3004,2.0
31,3081,3.0
31,3105,2.5
31,3107,3.0
31,3147,2.5
31,3175,1.5
31,3206,2.5
31,3251,3.0
31,3253,3.0
31,3255,3.0
31,3364,2.5
31,3370,2.5
31,3401,2.0
31,3408,3.0
31,3420,2.5
31,3471,2.0
31,3481,2.0
31,3525,1.5
31,3534,1.5
31,3578,3.0
31,3599,2.0
31,3623,2.0
31,3649,2.0
31,3736,3.0
31,3742,2.5
31,3751,3.0
31,3755,2.0
31,3793,1.5
31,3801,4.0
31,3824,2.0
31,3841,0.5
31,3897,2.0
31,3911,3.5
31,3948,2.5
31,3977,2.0
31,3994,1.5
31,3996,2.0
31,4022,2.5
31,4027,1.5
31,4031,2.0
31,4034,2.5
31,4080,3.5
31,4084,2.0
31,4085,2.0
31,4159,1.5
31,4167,1.5
31,4174,3.0
31,4191,2.5
31,4226,2.5
31,4238,2.5
31,4246,4.0
31,4305,1.5
31,4306,2.0
31,4370,1.5
31,4392,2.0
31,4393,2.5
31,4419,4.0
31,4462,1.0
31,4464,2.5
31,4465,3.0
31,4474,2.0
31,4564,2.0
31,4639,1.5
31,4844,2.5
31,4963,4.0
31,4973,1.5
31,4979,1.5
31,4995,3.0
31,5049,2.5
31,5096,1.5
31,5114,3.5
31,5151,1.5
31,5226,2.0
31,5299,2.5
31,5349,2.0
31,5377,3.5
31,5404,3.0
31,5418,3.5
31,5445,1.5
31,5459,2.5
31,5472,1.0
31,5508,1.5
31,5581,2.0
31,5610,1.5
31,5618,1.5
31,5669,2.0
31,5677,1.0
31,5680,2.0
31,5707,3.5
31,5902,2.5
31,5945,3.0
31,5954,3.5
31,5960,2.0
31,5989,2.0
31,6218,3.0
31,6254,3.5
31,6287,1.5
31,6333,1.5
31,6377,3.0
31,6378,2.5
31,6440,1.5
31,6493,2.0
31,6502,2.0
31,6539,1.5
31,6548,1.5
31,6573,3.0
31,6586,1.0
31,6620,1.5
31,6711,2.5
31,6750,2.0
31,6787,4.0
31,6874,2.0
31,6953,2.0
31,6954,3.5
31,6957,3.0
31,7121,3.5
31,7147,2.0
31,7173,1.5
31,7293,2.0
31,7315,1.5
31,7361,3.0
31,7438,2.0
31,7444,2.5
31,8094,2.5
31,8120,2.5
31,8360,1.5
31,8464,2.5
31,8638,2.0
31,8665,3.0
31,8695,3.0
31,8784,1.5
31,8838,2.5
31,8874,2.5
31,8943,3.0
31,8948,2.0
31,8949,2.5
31,8961,2.0
31,8968,2.5
31,8973,2.5
31,25868,3.5
31,26078,3.0
31,27317,3.0
31,27724,3.0
31,30812,3.0
31,32584,2.5
31,32587,3.0
31,33166,1.0
31,33794,2.0
31,33836,1.5
31,34048,2.0
31,34338,2.5
31,35836,2.0
31,42938,2.0
31,43936,2.0
31,44191,3.0
31,44195,3.0
31,44759,0.5
31,45106,2.0
31,46578,2.5
31,46723,2.0
31,47640,1.5
31,48304,2.5
31,48326,1.5
31,48394,1.5
31,48516,3.0
31,48774,2.0
31,48780,1.5
31,49007,3.5
31,49272,4.0
31,50514,3.0
31,50802,1.0
31,50923,2.5
31,51255,4.0
31,51471,2.5
31,51662,2.0
31,51834,2.0
31,52967,2.5
31,53953,1.5
31,54286,3.0
31,54503,1.0
31,54997,2.5
31,55052,3.0
31,55069,3.0
31,55363,2.0
31,55765,4.0
31,55805,3.5
31,55820,3.0
31,55830,3.0
31,56367,3.0
31,56949,2.0
31,57243,3.0
31,58295,3.0
31,58559,2.0
31,58803,2.0
31,59258,2.0
31,59315,2.0
31,59910,2.0
31,60069,3.0
31,60103,4.0
31,61986,2.0
31,63082,3.0
31,63853,1.5
31,64957,3.5
31,66665,2.0
31,69243,3.0
31,70932,1.5
31,71460,2.5
32,19,3.0
32,32,3.0
32,34,3.0
32,39,3.0
32,47,4.0
32,160,4.0
32,161,4.0
32,173,3.0
32,231,2.0
32,253,4.0
32,296,5.0
32,318,5.0
32,344,3.0
32,349,5.0
32,356,5.0
32,364,4.0
32,367,4.0
32,377,4.0
32,380,4.0
32,420,3.0
32,432,3.0
32,434,4.0
32,454,3.0
32,457,4.0
32,480,5.0
32,500,4.0
32,527,4.0
32,588,4.0
32,589,4.0
32,590,3.0
32,592,3.0
32,593,5.0
32,595,3.0
33,50,3.5
33,110,4.0
33,296,4.5
33,318,5.0
